-- phpMyAdmin SQL Dump
-- version 5.2.1
-- https://www.phpmyadmin.net/
--
-- Host: 127.0.0.1
-- Generation Time: Jan 20, 2024 at 09:19 AM
-- Server version: 10.4.32-MariaDB
-- PHP Version: 8.2.12

SET SQL_MODE = "NO_AUTO_VALUE_ON_ZERO";
START TRANSACTION;
SET time_zone = "+00:00";


/*!40101 SET @OLD_CHARACTER_SET_CLIENT=@@CHARACTER_SET_CLIENT */;
/*!40101 SET @OLD_CHARACTER_SET_RESULTS=@@CHARACTER_SET_RESULTS */;
/*!40101 SET @OLD_COLLATION_CONNECTION=@@COLLATION_CONNECTION */;
/*!40101 SET NAMES utf8mb4 */;

--
-- Database: `projet`
--

-- --------------------------------------------------------

--
-- Table structure for table `branch_dim`
--

CREATE TABLE `branch_dim` (
  `bac_id` varchar(255) NOT NULL,
  `description` varchar(255) DEFAULT NULL
) ENGINE=InnoDB DEFAULT CHARSET=utf8mb4 COLLATE=utf8mb4_general_ci;

--
-- Dumping data for table `branch_dim`
--

INSERT INTO `branch_dim` (`bac_id`, `description`) VALUES
('Eco', 'Economics'),
('Info', 'Information Technology'),
('Ma', 'Maths'),
('Sci', 'Experimental Science'),
('Tech', 'Technology');

-- --------------------------------------------------------

--
-- Table structure for table `date_dim`
--

CREATE TABLE `date_dim` (
  `date_id` varchar(512) NOT NULL,
  `Day` int(11) DEFAULT NULL,
  `Month` int(11) DEFAULT NULL,
  `Year` int(11) DEFAULT NULL
) ENGINE=InnoDB DEFAULT CHARSET=utf8mb4 COLLATE=utf8mb4_general_ci;

--
-- Dumping data for table `date_dim`
--

INSERT INTO `date_dim` (`date_id`, `Day`, `Month`, `Year`) VALUES
('01/03/2021', 1, 3, 2021),
('01/06/2020', 1, 6, 2020),
('01/06/2021', 1, 6, 2021),
('01/06/2022', 1, 6, 2022),
('01/07/2020', 1, 7, 2020),
('02/02/2021', 2, 2, 2021),
('02/04/2021', 2, 4, 2021),
('02/06/2020', 2, 6, 2020),
('02/06/2021', 2, 6, 2021),
('02/06/2022', 2, 6, 2022),
('02/08/2020', 2, 8, 2020),
('02/10/2020', 2, 10, 2020),
('03/01/2021', 3, 1, 2021),
('03/03/2021', 3, 3, 2021),
('03/06/2020', 3, 6, 2020),
('03/06/2021', 3, 6, 2021),
('03/06/2022', 3, 6, 2022),
('03/09/2020', 3, 9, 2020),
('03/12/2020', 3, 12, 2020),
('04/06/2020', 4, 6, 2020),
('04/06/2021', 4, 6, 2021),
('04/06/2022', 4, 6, 2022),
('04/07/2020', 4, 7, 2020),
('04/08/2020', 4, 8, 2020),
('05/04/2021', 5, 4, 2021),
('05/06/2020', 5, 6, 2020),
('05/06/2021', 5, 6, 2021),
('05/06/2022', 5, 6, 2022),
('05/07/2020', 5, 7, 2020),
('05/09/2020', 5, 9, 2020),
('05/10/2020', 5, 10, 2020),
('06/06/2020', 6, 6, 2020),
('06/06/2021', 6, 6, 2021),
('06/06/2022', 6, 6, 2022),
('06/12/2020', 6, 12, 2020),
('07/03/2021', 7, 3, 2021),
('07/04/2021', 7, 4, 2021),
('07/05/2021', 7, 5, 2021),
('07/06/2020', 7, 6, 2020),
('07/06/2021', 7, 6, 2021),
('07/06/2022', 7, 6, 2022),
('07/11/2020', 7, 11, 2020),
('07/12/2020', 7, 12, 2020),
('08/02/2021', 8, 2, 2021),
('08/04/2021', 8, 4, 2021),
('08/06/2020', 8, 6, 2020),
('08/06/2021', 8, 6, 2021),
('08/06/2022', 8, 6, 2022),
('08/08/2020', 8, 8, 2020),
('08/11/2020', 8, 11, 2020),
('08/12/2020', 8, 12, 2020),
('09/01/2021', 9, 1, 2021),
('09/05/2021', 9, 5, 2021),
('09/06/2020', 9, 6, 2020),
('09/06/2021', 9, 6, 2021),
('09/06/2022', 9, 6, 2022),
('09/08/2020', 9, 8, 2020),
('09/09/2020', 9, 9, 2020),
('09/11/2020', 9, 11, 2020),
('10/02/2021', 10, 2, 2021),
('10/06/2020', 10, 6, 2020),
('10/06/2021', 10, 6, 2021),
('10/06/2022', 10, 6, 2022),
('10/07/2020', 10, 7, 2020),
('11/03/2021', 11, 3, 2021),
('11/04/2021', 11, 4, 2021),
('11/06/2020', 11, 6, 2020),
('11/06/2021', 11, 6, 2021),
('11/06/2022', 11, 6, 2022),
('11/09/2020', 11, 9, 2020),
('12/01/2021', 12, 1, 2021),
('12/05/2021', 12, 5, 2021),
('12/06/2020', 12, 6, 2020),
('12/06/2021', 12, 6, 2021),
('12/06/2022', 12, 6, 2022),
('12/07/2020', 12, 7, 2020),
('12/08/2020', 12, 8, 2020),
('12/11/2020', 12, 11, 2020),
('13/01/2021', 13, 1, 2021),
('13/03/2021', 13, 3, 2021),
('13/06/2020', 13, 6, 2020),
('13/06/2021', 13, 6, 2021),
('13/06/2022', 13, 6, 2022),
('13/07/2020', 13, 7, 2020),
('13/08/2020', 13, 8, 2020),
('13/09/2020', 13, 9, 2020),
('13/11/2020', 13, 11, 2020),
('13/12/2020', 13, 12, 2020),
('14/01/2021', 14, 1, 2021),
('14/04/2021', 14, 4, 2021),
('14/06/2020', 14, 6, 2020),
('14/06/2021', 14, 6, 2021),
('14/06/2022', 14, 6, 2022),
('14/07/2020', 14, 7, 2020),
('14/09/2020', 14, 9, 2020),
('14/10/2020', 14, 10, 2020),
('14/11/2020', 14, 11, 2020),
('15/05/2021', 15, 5, 2021),
('15/06/2020', 15, 6, 2020),
('15/06/2021', 15, 6, 2021),
('15/06/2022', 15, 6, 2022),
('15/08/2020', 15, 8, 2020),
('15/09/2020', 15, 9, 2020),
('15/10/2020', 15, 10, 2020),
('16/01/2021', 16, 1, 2021),
('16/02/2021', 16, 2, 2021),
('16/06/2020', 16, 6, 2020),
('16/06/2021', 16, 6, 2021),
('16/06/2022', 16, 6, 2022),
('16/12/2020', 16, 12, 2020),
('17/03/2021', 17, 3, 2021),
('17/04/2021', 17, 4, 2021),
('17/05/2021', 17, 5, 2021),
('17/06/2020', 17, 6, 2020),
('17/06/2021', 17, 6, 2021),
('17/06/2022', 17, 6, 2022),
('17/07/2020', 17, 7, 2020),
('17/08/2020', 17, 8, 2020),
('17/12/2020', 17, 12, 2020),
('18/01/2021', 18, 1, 2021),
('18/02/2021', 18, 2, 2021),
('18/06/2020', 18, 6, 2020),
('18/06/2021', 18, 6, 2021),
('18/06/2022', 18, 6, 2022),
('18/09/2020', 18, 9, 2020),
('18/11/2020', 18, 11, 2020),
('19/04/2021', 19, 4, 2021),
('19/05/2021', 19, 5, 2021),
('19/06/2020', 19, 6, 2020),
('19/06/2021', 19, 6, 2021),
('19/06/2022', 19, 6, 2022),
('19/08/2020', 19, 8, 2020),
('19/09/2020', 19, 9, 2020),
('19/11/2020', 19, 11, 2020),
('19/12/2020', 19, 12, 2020),
('20/01/2021', 20, 1, 2021),
('20/03/2021', 20, 3, 2021),
('20/06/2020', 20, 6, 2020),
('20/06/2021', 20, 6, 2021),
('20/06/2022', 20, 6, 2022),
('20/08/2020', 20, 8, 2020),
('20/09/2020', 20, 9, 2020),
('20/10/2020', 20, 10, 2020),
('21/01/2021', 21, 1, 2021),
('21/02/2021', 21, 2, 2021),
('21/05/2021', 21, 5, 2021),
('21/06/2020', 21, 6, 2020),
('21/06/2022', 21, 6, 2022),
('21/08/2020', 21, 8, 2020),
('21/10/2020', 21, 10, 2020),
('21/11/2020', 21, 11, 2020),
('22/06/2020', 22, 6, 2020),
('22/06/2021', 22, 6, 2021),
('22/06/2022', 22, 6, 2022),
('22/09/2020', 22, 9, 2020),
('22/11/2020', 22, 11, 2020),
('22/12/2020', 22, 12, 2020),
('23/02/2021', 23, 2, 2021),
('23/03/2021', 23, 3, 2021),
('23/06/2020', 23, 6, 2020),
('23/06/2021', 23, 6, 2021),
('23/06/2022', 23, 6, 2022),
('23/07/2020', 23, 7, 2020),
('24/01/2021', 24, 1, 2021),
('24/03/2021', 24, 3, 2021),
('24/06/2020', 24, 6, 2020),
('24/06/2021', 24, 6, 2021),
('24/06/2022', 24, 6, 2022),
('24/08/2020', 24, 8, 2020),
('24/10/2020', 24, 10, 2020),
('25/04/2021', 25, 4, 2021),
('25/05/2021', 25, 5, 2021),
('25/06/2020', 25, 6, 2020),
('25/06/2021', 25, 6, 2021),
('25/06/2022', 25, 6, 2022),
('25/09/2020', 25, 9, 2020),
('25/10/2020', 25, 10, 2020),
('26/04/2021', 26, 4, 2021),
('26/05/2021', 26, 5, 2021),
('26/06/2020', 26, 6, 2020),
('26/06/2021', 26, 6, 2021),
('26/06/2022', 26, 6, 2022),
('26/09/2020', 26, 9, 2020),
('26/10/2020', 26, 10, 2020),
('27/02/2021', 27, 2, 2021),
('27/03/2021', 27, 3, 2021),
('27/05/2021', 27, 5, 2021),
('27/06/2020', 27, 6, 2020),
('27/06/2021', 27, 6, 2021),
('27/06/2022', 27, 6, 2022),
('27/09/2020', 27, 9, 2020),
('27/10/2020', 27, 10, 2020),
('28/01/2021', 28, 1, 2021),
('28/02/2021', 28, 2, 2021),
('28/06/2020', 28, 6, 2020),
('28/06/2021', 28, 6, 2021),
('28/06/2022', 28, 6, 2022),
('28/08/2020', 28, 8, 2020),
('28/12/2020', 28, 12, 2020),
('29/03/2021', 29, 3, 2021),
('29/05/2021', 29, 5, 2021),
('29/06/2020', 29, 6, 2020),
('29/06/2021', 29, 6, 2021),
('29/06/2022', 29, 6, 2022),
('29/07/2020', 29, 7, 2020),
('29/11/2020', 29, 11, 2020),
('30/01/2021', 30, 1, 2021),
('30/03/2021', 30, 3, 2021),
('30/04/2021', 30, 4, 2021),
('30/05/2021', 30, 5, 2021),
('30/08/2020', 30, 8, 2020),
('30/11/2020', 30, 11, 2020),
('31/01/2021', 31, 1, 2021),
('31/05/2021', 31, 5, 2021),
('31/08/2020', 31, 8, 2020),
('31/10/2020', 31, 10, 2020),
('31/12/2020', 31, 12, 2020);

-- --------------------------------------------------------

--
-- Table structure for table `fact_table_student_performance`
--

CREATE TABLE `fact_table_student_performance` (
  `id` int(11) NOT NULL,
  `student_id` int(11) DEFAULT NULL,
  `spec_id` varchar(3) DEFAULT NULL,
  `bac_id` varchar(512) DEFAULT NULL,
  `level_id` varchar(10) DEFAULT NULL,
  `state_id` varchar(5) DEFAULT NULL,
  `date_id` varchar(512) DEFAULT NULL,
  `GPA` double DEFAULT NULL
) ENGINE=InnoDB DEFAULT CHARSET=utf8mb4 COLLATE=utf8mb4_general_ci;

--
-- Dumping data for table `fact_table_student_performance`
--

INSERT INTO `fact_table_student_performance` (`id`, `student_id`, `spec_id`, `bac_id`, `level_id`, `state_id`, `date_id`, `GPA`) VALUES
(1, 123456789, 'BA', 'Info', 'Spec', 'SO', '25/06/2020', 3.9),
(2, 234567890, 'Fin', 'Tech', 'Spec', 'SO', '25/06/2020', 3.9),
(3, 345678901, 'Acc', 'Info', 'Spec', 'GA', '25/06/2020', 3.8),
(4, 456789012, 'MKT', 'Ma', 'Spec', 'MA', '25/06/2020', 3.8),
(5, 567890123, 'BA', 'Eco', 'Spec', 'SI', '25/06/2020', 3.8),
(6, 678901234, 'Acc', 'Tech', 'Spec', 'BI', '25/06/2020', 3.7),
(7, 890123456, 'Acc', 'Eco', 'Spec', 'KA', '25/06/2020', 3.6),
(8, 901234567, 'Acc', 'Ma', 'Spec', 'MA', '25/06/2020', 3.6),
(9, 112233445, 'IT', 'Ma', 'Spec', 'SO', '25/06/2020', 3.6),
(10, 223344556, 'Acc', 'Info', 'Spec', 'KS', '25/06/2020', 3.5),
(11, 334455667, 'Acc', 'Eco', 'Spec', 'TU', '25/06/2020', 3.5),
(12, 445566778, 'Fin', 'Tech', 'Spec', 'SO', '25/06/2020', 3.4),
(13, 556677889, 'Acc', 'Info', 'Spec', 'SI', '25/06/2020', 3.4),
(14, 667788990, 'BA', 'Eco', 'Spec', 'KA', '25/06/2020', 3.4),
(15, 778899001, 'MKT', 'Ma', 'Spec', 'GA', '25/06/2020', 3.3),
(16, 889900112, 'MKT', 'Eco', 'Spec', 'TA', '25/06/2020', 3.3),
(17, 990011223, 'MKT', 'Eco', 'Spec', 'TA', '25/06/2020', 3.2),
(18, 111222333, 'MKT', 'Tech', 'Spec', 'BE', '25/06/2020', 3.2),
(19, 333444555, 'Fin', 'Eco', 'Spec', 'ME', '25/06/2020', 3.1),
(20, 555666777, 'BA', 'Info', 'Spec', 'TA', '25/06/2020', 3.1),
(21, 666777888, 'MKT', 'Eco', 'Spec', 'NB', '25/06/2020', 3),
(22, 777888999, 'BA', 'Ma', 'Spec', 'BI', '25/06/2020', 3),
(23, 888999000, 'Fin', 'Ma', 'Spec', 'MN', '25/06/2020', 3),
(24, 999000111, 'Fin', 'Ma', 'Spec', 'BE', '25/06/2020', 2.9),
(25, 123987456, 'Fin', 'Sci', 'Spec', 'TU', '25/06/2020', 2.9),
(26, 456789321, 'IT', 'Ma', 'Spec', 'MA', '25/06/2020', 2.9),
(27, 789654123, 'Acc', 'Ma', 'Spec', 'KEB', '25/06/2020', 2.8),
(28, 321654987, 'BA', 'Eco', 'Spec', 'TA', '25/06/2020', 2.8),
(29, 987456321, 'MKT', 'Tech', 'Spec', 'SB', '25/06/2020', 2.7),
(30, 654789321, 'IT', 'Eco', 'Spec', 'BA', '25/06/2020', 2.7),
(31, 321987654, 'Fin', 'Ma', 'Spec', 'BI', '25/06/2020', 2.7),
(32, 987321654, 'IT', 'Eco', 'Spec', 'TO', '25/06/2020', 2.6),
(33, 987654321, 'Fin', 'Eco', 'Spec', 'AR', '25/06/2020', 2.6),
(34, 123456789, 'Acc', 'Sci', 'Spec', 'ZA', '25/06/2020', 2.5),
(35, 987654321, 'MKT', 'Ma', 'Spec', 'JE', '25/06/2020', 2.5),
(36, 321987654, 'Fin', 'Eco', 'Spec', 'KS', '25/06/2020', 2.4),
(37, 987654321, 'Acc', 'Tech', 'Spec', 'GA', '25/06/2020', 2.3),
(38, 789654123, 'BA', 'Eco', 'Spec', 'BE', '25/06/2020', 2.3),
(39, 456789321, 'MKT', 'Ma', 'Spec', 'KA', '25/06/2020', 2.3),
(40, 654123789, 'IT', 'Ma', 'Spec', 'BE', '25/06/2020', 2.2),
(41, 111222333, 'MKT', 'Info', 'Spec', 'SF', '25/06/2020', 2.2),
(42, 333444555, 'Fin', 'Info', 'Spec', 'TA', '25/06/2020', 2.1),
(43, 555666777, 'BA', 'Sci', 'Spec', 'SI', '25/06/2020', 2.1),
(44, 777888999, 'Fin', 'Tech', 'Spec', 'AR', '25/06/2020', 2.1),
(45, 999000111, 'IT', 'Tech', 'Spec', 'ZA', '25/06/2020', 2),
(46, 111000999, 'MKT', 'Ma', 'Spec', 'SO', '25/06/2020', 2),
(47, 999888777, 'Acc', 'Eco', 'Spec', 'SI', '25/06/2020', 2),
(48, 777666555, 'IT', 'Ma', 'Spec', 'TO', '25/06/2020', 1.9),
(49, 555444333, 'Acc', 'Eco', 'Spec', 'TU', '25/06/2020', 1.9),
(50, 333222111, 'IT', 'Sci', 'Spec', 'SO', '25/06/2020', 1.9),
(51, 654789321, 'MKT', 'Info', 'Spec', 'GA', '25/06/2020', 1.8),
(52, 321987654, 'Fin', 'Tech', 'Spec', 'SB', '25/06/2020', 1.8),
(53, 987321654, 'BA', 'Tech', 'Spec', 'TO', '25/06/2020', 1.8),
(54, 654321987, 'MKT', 'Eco', 'Spec', 'ZA', '25/06/2020', 1.7),
(55, 987654321, 'MKT', 'Eco', 'Spec', 'BA', '25/06/2020', 1.7),
(56, 123456789, 'Acc', 'Sci', 'Spec', 'MA', '25/06/2020', 1.6),
(57, 654321987, 'Fin', 'Eco', 'Spec', 'TO', '25/06/2020', 1.6),
(58, 321987654, 'MKT', 'Eco', 'Spec', 'SB', '25/06/2020', 1.5),
(59, 987654321, 'MKT', 'Eco', 'Spec', 'NB', '25/06/2020', 1.5),
(60, 789654123, 'MKT', 'Eco', 'Spec', 'MO', '25/06/2020', 1.5),
(61, 456789321, 'BA', 'Tech', 'Spec', 'KEB', '25/06/2020', 1.5),
(62, 654123789, 'MKT', 'Ma', 'Spec', 'MA', '25/06/2020', 1.4),
(63, 321654987, 'MKT', 'Ma', 'Spec', 'TO', '25/06/2020', 1.4),
(64, 111222333, 'BA', 'Eco', 'Spec', 'JE', '25/06/2020', 1.4),
(65, 333444555, 'MKT', 'Sci', 'Spec', 'MO', '25/06/2020', 1.3),
(66, 111000999, 'Fin', 'Tech', 'Spec', 'GA', '25/06/2020', 1.2),
(67, 999888777, 'IT', 'Info', 'Spec', 'KE', '25/06/2020', 1.2),
(68, 777666555, 'Fin', 'Eco', 'Spec', 'ME', '25/06/2020', 1.1),
(69, 555444333, 'IT', 'Eco', 'Spec', 'GA', '25/06/2020', 1.1),
(70, 321987654, 'BA', 'Eco', 'Spec', 'AR', '25/06/2020', 1),
(71, 987321654, 'BA', 'Eco', 'Spec', 'KA', '25/06/2020', 1),
(72, 654321987, 'Acc', 'Ma', 'Spec', 'SI', '25/06/2020', 3.9),
(73, 987654321, 'MKT', 'Eco', 'Spec', 'TA', '25/06/2020', 3.9),
(74, 321456789, 'BA', 'Ma', 'Spec', 'BI', '25/06/2020', 3.8),
(75, 123456789, 'Acc', 'Sci', 'Spec', 'GA', '25/06/2020', 3.8),
(76, 987654321, 'IT', 'Eco', 'Spec', 'NB', '25/06/2020', 3.8),
(77, 654321987, 'Fin', 'Ma', 'Spec', 'ME', '25/06/2020', 3.7),
(78, 321987654, 'BA', 'Eco', 'Spec', 'SB', '25/06/2020', 3.7),
(79, 987654321, 'BA', 'Ma', 'Spec', 'MO', '25/06/2020', 3.6),
(80, 789654123, 'Acc', 'Eco', 'Spec', 'KEB', '25/06/2020', 3.6),
(81, 456789321, 'BA', 'Eco', 'Spec', 'SB', '25/06/2020', 3.6),
(82, 654123789, 'IT', 'Ma', 'Spec', 'ZA', '25/06/2020', 3.5),
(83, 321654987, 'Acc', 'Ma', 'Spec', 'ME', '25/06/2020', 3.5),
(84, 111222333, 'MKT', 'Tech', 'Spec', 'GA', '25/06/2020', 3.4),
(85, 333444555, 'MKT', 'Sci', 'Spec', 'ZA', '25/06/2020', 3.4),
(86, 555666777, 'MKT', 'Ma', 'Spec', 'KEB', '25/06/2020', 3.4),
(87, 999000111, 'IT', 'Info', 'Spec', 'SF', '25/06/2020', 3.3),
(88, 111000999, 'BA', 'Sci', 'Spec', 'BE', '25/06/2020', 3.2),
(89, 777666555, 'IT', 'Eco', 'Spec', 'SB', '25/06/2020', 3.2),
(90, 555444333, 'Acc', 'Ma', 'Spec', 'NB', '25/06/2020', 3.1),
(91, 333222111, 'Fin', 'Eco', 'Spec', 'GA', '25/06/2020', 3.1),
(92, 654789321, 'Acc', 'Ma', 'Spec', 'ZA', '25/06/2020', 3.1),
(93, 321987654, 'BA', 'Eco', 'Spec', 'BA', '25/06/2020', 3),
(94, 987321654, 'Fin', 'Sci', 'Spec', 'BE', '25/06/2020', 3),
(95, 654321987, 'Acc', 'Ma', 'Spec', 'JE', '25/06/2020', 3),
(96, 987654321, 'Acc', 'Info', 'Spec', 'KEB', '25/06/2020', 2.9),
(97, 321456789, 'Acc', 'Eco', 'Spec', 'TA', '25/06/2020', 2.9),
(98, 123456789, 'Acc', 'Eco', 'Spec', 'KE', '25/06/2020', 2.9),
(99, 987654321, 'Acc', 'Eco', 'Spec', 'NB', '25/06/2020', 2.8),
(100, 654321987, 'BA', 'Ma', 'Spec', 'KE', '25/06/2020', 2.8),
(101, 321987654, 'Acc', 'Eco', 'Spec', 'SF', '25/06/2020', 2.8),
(102, 789654123, 'Fin', 'Eco', 'Spec', 'KEB', '25/06/2020', 2.7),
(103, 456789321, 'Fin', 'Eco', 'Spec', 'JE', '25/06/2020', 2.7),
(104, 654123789, 'Fin', 'Tech', 'Spec', 'AR', '25/06/2020', 2.6),
(105, 321654987, 'BA', 'Eco', 'Spec', 'TU', '25/06/2020', 2.6),
(106, 111222333, 'IT', 'Ma', 'Spec', 'TU', '25/06/2020', 2.6),
(107, 333444555, 'Fin', 'Info', 'Spec', 'ZA', '25/06/2020', 2.5),
(108, 555666777, 'BA', 'Sci', 'Spec', 'GA', '25/06/2020', 2.5),
(109, 777888999, 'Fin', 'Ma', 'Spec', 'KEB', '25/06/2020', 2.4),
(110, 999000111, 'BA', 'Eco', 'Spec', 'JE', '25/06/2020', 2.4),
(111, 111000999, 'IT', 'Eco', 'Spec', 'MA', '25/06/2020', 2.3),
(112, 999888777, 'IT', 'Sci', 'Spec', 'MA', '25/06/2020', 2.3),
(113, 777666555, 'IT', 'Info', 'Spec', 'NB', '25/06/2020', 2.3),
(114, 555444333, 'BA', 'Ma', 'Spec', 'AR', '25/06/2020', 2.2),
(115, 333222111, 'IT', 'Sci', 'Spec', 'ME', '25/06/2020', 2.2),
(116, 654789321, 'IT', 'Sci', 'Spec', 'SB', '25/06/2020', 2.2),
(117, 321987654, 'Fin', 'Ma', 'Spec', 'GA', '25/06/2020', 2.1),
(118, 987321654, 'BA', 'Ma', 'Spec', 'NB', '25/06/2020', 2.1),
(119, 654321987, 'MKT', 'Eco', 'Spec', 'MN', '25/06/2020', 2.1),
(120, 987654321, 'BA', 'Eco', 'Spec', 'KS', '25/06/2020', 2),
(121, 321456789, 'Acc', 'Info', 'Spec', 'KA', '25/06/2020', 2),
(122, 123456789, 'MKT', 'Eco', 'Spec', 'TA', '25/06/2020', 2),
(123, 654321987, 'IT', 'Eco', 'Spec', 'MN', '25/06/2020', 1.9),
(124, 321987654, 'BA', 'Info', 'Spec', 'MN', '25/06/2020', 1.9),
(125, 987654321, 'Fin', 'Eco', 'Spec', 'NB', '25/06/2020', 1.8),
(126, 789654123, 'BA', 'Eco', 'Spec', 'BE', '25/06/2020', 1.8),
(127, 456789321, 'BA', 'Sci', 'Spec', 'SI', '25/06/2020', 1.8),
(128, 654123789, 'Acc', 'Info', 'Spec', 'JE', '25/06/2020', 1.7),
(129, 321654987, 'Fin', 'Info', 'Spec', 'JE', '25/06/2020', 1.7),
(130, 111222333, 'MKT', 'Info', 'Spec', 'JE', '25/06/2020', 1.7),
(131, 333444555, 'BA', 'Ma', 'Spec', 'TO', '25/06/2020', 1.6),
(132, 555666777, 'IT', 'Tech', 'Spec', 'MO', '25/06/2020', 1.6),
(133, 777888999, 'BA', 'Eco', 'Spec', 'AR', '25/06/2020', 1.6),
(134, 999000111, 'IT', 'Info', 'Spec', 'KS', '25/06/2020', 1.5),
(135, 999888777, 'Fin', 'Eco', 'Spec', 'BA', '25/06/2020', 1.5),
(136, 777666555, 'Acc', 'Info', 'Spec', 'GA', '25/06/2020', 1.5),
(137, 555444333, 'Fin', 'Eco', 'Spec', 'KE', '25/06/2020', 1.4),
(138, 333222111, 'Fin', 'Tech', 'Spec', 'MA', '25/06/2020', 1.4),
(139, 654789321, 'IT', 'Eco', 'Spec', 'SB', '25/06/2020', 1.4),
(140, 321987654, 'BA', 'Ma', 'Spec', 'AR', '25/06/2020', 1.3),
(141, 987321654, 'IT', 'Ma', 'Spec', 'JE', '25/06/2020', 1.3),
(142, 654321987, 'Fin', 'Info', 'Spec', 'SF', '25/06/2020', 1.3),
(143, 987654321, 'BA', 'Info', 'Spec', 'SB', '25/06/2020', 1.2),
(144, 321456789, 'IT', 'Info', 'Spec', 'TO', '25/06/2020', 1.2),
(145, 123456789, 'BA', 'Eco', 'Spec', 'TA', '25/06/2020', 1.2),
(146, 987654321, 'BA', 'Ma', 'Spec', 'SI', '25/06/2020', 1.1),
(147, 654321987, 'BA', 'Sci', 'Spec', 'GA', '25/06/2020', 1.1),
(148, 987654321, 'Fin', 'Ma', 'Spec', 'MO', '25/06/2020', 1),
(149, 789654123, 'IT', 'Info', 'Spec', 'SO', '25/06/2020', 1),
(150, 456789321, 'BA', 'Eco', 'Spec', 'KEB', '25/06/2020', 1),
(151, 654123789, 'IT', 'Info', 'Spec', 'KS', '25/06/2020', 3.9),
(152, 321654987, 'Acc', 'Eco', 'Spec', 'SO', '25/06/2020', 3.9),
(153, 333444555, 'Fin', 'Ma', 'Spec', 'KEB', '25/06/2020', 3.8),
(154, 555666777, 'IT', 'Tech', 'Spec', 'MA', '25/06/2020', 3.8),
(155, 777888999, 'Acc', 'Sci', 'Spec', 'ZA', '25/06/2020', 3.7),
(156, 999000111, 'IT', 'Eco', 'Spec', 'BA', '25/06/2020', 3.7),
(157, 111000999, 'MKT', 'Eco', 'Spec', 'KA', '25/06/2020', 3.6),
(158, 999888777, 'Fin', 'Eco', 'Spec', 'KA', '25/06/2020', 3.6),
(159, 777666555, 'BA', 'Tech', 'Spec', 'BA', '25/06/2020', 3.6),
(160, 555444333, 'IT', 'Ma', 'Spec', 'GA', '25/06/2020', 3.5),
(161, 333222111, 'Fin', 'Ma', 'Spec', 'KEB', '25/06/2020', 3.5),
(162, 123456789, 'BA', 'Ma', 'Spec', 'BI', '25/06/2020', 3.4),
(163, 234567890, 'BA', 'Ma', 'Spec', 'KEB', '25/06/2020', 3.4),
(164, 345678901, 'Acc', 'Info', 'Spec', 'AR', '25/06/2020', 3.4),
(165, 456789012, 'IT', 'Info', 'Spec', 'KEB', '25/06/2020', 3.3),
(166, 567890123, 'BA', 'Ma', 'Spec', 'KA', '25/06/2020', 3.3),
(167, 678901234, 'Fin', 'Info', 'Spec', 'MO', '25/06/2020', 3.2),
(168, 789012345, 'Acc', 'Tech', 'Spec', 'ME', '25/06/2020', 3.2),
(169, 890123456, 'IT', 'Tech', 'Spec', 'SB', '25/06/2020', 3.2),
(170, 901234567, 'MKT', 'Ma', 'Spec', 'TU', '25/06/2020', 3.1),
(171, 112233445, 'IT', 'Sci', 'Spec', 'TU', '25/06/2020', 3.1),
(172, 223344556, 'BA', 'Ma', 'Spec', 'TU', '25/06/2020', 3.1),
(173, 334455667, 'Fin', 'Info', 'Spec', 'KS', '25/06/2020', 3),
(174, 445566778, 'IT', 'Info', 'Spec', 'KS', '25/06/2020', 3),
(175, 556677889, 'Fin', 'Tech', 'Spec', 'BE', '25/06/2020', 3),
(176, 778899001, 'IT', 'Tech', 'Spec', 'NB', '25/06/2020', 2.9),
(177, 7632451, 'Acc', 'Eco', 'Spec', 'NB', '31/10/2020', 3.5),
(178, 9023145, 'BA', 'Eco', 'Spec', 'ZA', '04/08/2020', 3.49),
(179, 6948203, 'Fin', 'Eco', 'Spec', 'MO', '29/11/2020', 3.47),
(180, 1278549, 'Fin', 'Ma', 'Spec', 'SI', '22/09/2020', 3.46),
(181, 6359872, 'IT', 'Eco', 'Spec', 'MO', '30/04/2021', 3.45),
(182, 8901245, 'BA', 'Info', 'Spec', 'BA', '12/07/2020', 3.43),
(183, 4367890, 'IT', 'Sci', 'Spec', 'TU', '13/07/2020', 3.42),
(184, 5712348, 'BA', 'Sci', 'Spec', 'BI', '30/03/2021', 3.41),
(185, 9203841, 'Fin', 'Eco', 'Spec', 'SB', '12/07/2020', 3.4),
(186, 2398567, 'BA', 'Ma', 'Spec', 'SB', '17/05/2021', 3.38),
(187, 8031742, 'IT', 'Ma', 'Spec', 'MA', '09/05/2021', 3.37),
(188, 6152978, 'Acc', 'Ma', 'Spec', 'KEB', '24/01/2021', 3.36),
(189, 4920785, 'IT', 'Info', 'Spec', 'TU', '30/08/2020', 3.35),
(190, 3562187, 'Acc', 'Eco', 'Spec', 'TU', '09/01/2021', 3.34),
(191, 7890314, 'IT', 'Ma', 'Spec', 'AR', '26/09/2020', 3.32),
(192, 5432981, 'MKT', 'Ma', 'Spec', 'SI', '20/10/2020', 3.31),
(193, 1879650, 'BA', 'Eco', 'Spec', 'SO', '01/03/2021', 3.3),
(194, 9023841, 'Fin', 'Info', 'Spec', 'KE', '14/01/2021', 3.29),
(195, 4532168, 'Acc', 'Tech', 'Spec', 'NB', '23/02/2021', 3.28),
(196, 6790832, 'BA', 'Ma', 'Spec', 'BA', '18/02/2021', 3.27),
(197, 5043128, 'IT', 'Eco', 'Spec', 'BI', '27/10/2020', 3.25),
(198, 8657902, 'Fin', 'Tech', 'Spec', 'NB', '26/05/2021', 3.24),
(199, 3482107, 'IT', 'Sci', 'Spec', 'BI', '18/01/2021', 3.23),
(200, 7321984, 'Acc', 'Ma', 'Spec', 'KE', '14/09/2020', 3.22),
(201, 6902431, 'IT', 'Tech', 'Spec', 'KA', '12/05/2021', 3.21),
(202, 1273458, 'IT', 'Sci', 'Spec', 'MO', '13/07/2020', 3.2),
(203, 5012398, 'Fin', 'Ma', 'Spec', 'BA', '28/08/2020', 3.19),
(204, 8764302, 'BA', 'Sci', 'Spec', 'SI', '12/07/2020', 3.18),
(205, 2831749, 'BA', 'Ma', 'Spec', 'TA', '23/02/2021', 3.17),
(206, 4678092, 'Acc', 'Info', 'Spec', 'BA', '10/07/2020', 3.16),
(207, 3142875, 'Acc', 'Ma', 'Spec', 'JE', '07/04/2021', 3.15),
(208, 6218403, 'Acc', 'Eco', 'Spec', 'MN', '04/07/2020', 3.13),
(209, 3842107, 'BA', 'Eco', 'Spec', 'BI', '20/03/2021', 3.12),
(210, 5987023, 'IT', 'Info', 'Spec', 'JE', '17/12/2020', 3.11),
(211, 1934875, 'BA', 'Tech', 'Spec', 'BI', '27/09/2020', 3.1),
(212, 8723416, 'IT', 'Ma', 'Spec', 'MO', '18/09/2020', 3.09),
(213, 5062814, 'IT', 'Info', 'Spec', 'BE', '30/05/2021', 3.08),
(214, 2751934, 'BA', 'Ma', 'Spec', 'TA', '01/07/2020', 3.05),
(215, 8436051, 'BA', 'Tech', 'Spec', 'SO', '31/12/2020', 3.04),
(216, 1693472, 'BA', 'Sci', 'Spec', 'AR', '23/03/2021', 3.03),
(217, 7203984, 'BA', 'Sci', 'Spec', 'TA', '19/12/2020', 3.02),
(218, 5846702, 'IT', 'Eco', 'Spec', 'JE', '08/02/2021', 3.01),
(219, 3921854, 'Acc', 'Eco', 'Spec', 'BI', '13/01/2021', 3),
(220, 8307462, 'IT', 'Eco', 'Spec', 'JE', '19/05/2021', 2.99),
(221, 5478320, 'IT', 'Ma', 'Spec', 'ME', '25/04/2021', 2.98),
(222, 1083724, 'IT', 'Eco', 'Spec', 'SB', '09/09/2020', 2.97),
(223, 6931748, 'BA', 'Ma', 'Spec', 'TO', '21/05/2021', 2.96),
(224, 4768302, 'IT', 'Tech', 'Spec', 'NB', '06/12/2020', 2.94),
(225, 9283451, 'IT', 'Sci', 'Spec', 'KEB', '27/03/2021', 2.93),
(226, 6345018, 'Fin', 'Ma', 'Spec', 'BE', '20/08/2020', 2.92),
(227, 8014723, 'BA', 'Eco', 'Spec', 'BI', '14/10/2020', 2.91),
(228, 7432158, 'MKT', 'Eco', 'Spec', 'JE', '12/07/2020', 2.88),
(229, 4820173, 'BA', 'Eco', 'Spec', 'JE', '14/07/2020', 2.87),
(230, 6701934, 'BA', 'Eco', 'Spec', 'SO', '20/09/2020', 2.86),
(231, 2140958, 'Acc', 'Ma', 'Spec', 'ME', '19/11/2020', 2.84),
(232, 7892430, 'IT', 'Ma', 'Spec', 'KA', '02/10/2020', 2.83),
(233, 5301764, 'BA', 'Tech', 'Spec', 'ME', '31/05/2021', 2.82),
(234, 1624958, 'Acc', 'Sci', 'Spec', 'BI', '30/01/2021', 2.81),
(235, 3148602, 'IT', 'Sci', 'Spec', 'KEB', '13/08/2020', 2.79),
(236, 9624703, 'IT', 'Sci', 'Spec', 'KA', '17/04/2021', 2.78),
(237, 4078132, 'IT', 'Eco', 'Spec', 'MA', '08/02/2021', 2.77),
(238, 5987041, 'IT', 'Ma', 'Spec', 'AR', '25/05/2021', 2.76),
(239, 2361584, 'Fin', 'Tech', 'Spec', 'NB', '23/07/2020', 2.75),
(240, 7850342, 'Acc', 'Eco', 'Spec', 'BI', '18/11/2020', 2.74),
(241, 4198760, 'Acc', 'Sci', 'Spec', 'KE', '23/03/2021', 2.73),
(242, 3482079, 'Acc', 'Eco', 'Spec', 'AR', '24/10/2020', 2.7),
(243, 8703912, 'Fin', 'Sci', 'Spec', 'BE', '17/08/2020', 2.69),
(244, 5019783, 'Acc', 'Tech', 'Spec', 'ME', '19/08/2020', 2.68),
(245, 6270934, 'Acc', 'Info', 'Spec', 'TU', '21/02/2021', 2.67),
(246, 4678135, 'BA', 'Eco', 'Spec', 'SB', '15/10/2020', 2.65),
(247, 2187650, 'Acc', 'Eco', 'Spec', 'MO', '20/08/2020', 2.64),
(248, 8032156, 'BA', 'Eco', 'Spec', 'SF', '05/07/2020', 2.63),
(249, 5946802, 'MKT', 'Tech', 'Spec', 'KA', '11/04/2021', 2.62),
(250, 3762148, 'BA', 'Tech', 'Spec', 'BE', '07/11/2020', 2.61),
(251, 8650742, 'MKT', 'Eco', 'Spec', 'MN', '03/01/2021', 2.59),
(252, 4297186, 'Fin', 'Eco', 'Spec', 'ME', '11/03/2021', 2.58),
(253, 7850234, 'IT', 'Eco', 'Spec', 'BI', '16/01/2021', 2.57),
(254, 5134072, 'BA', 'Ma', 'Spec', 'SO', '02/08/2020', 2.56),
(255, 6901274, 'MKT', 'Ma', 'Spec', 'KE', '28/12/2020', 2.55),
(256, 2475038, 'IT', 'Eco', 'Spec', 'TA', '15/08/2020', 2.54),
(257, 8234951, 'Acc', 'Ma', 'Spec', 'TA', '26/10/2020', 2.53),
(258, 6012384, 'BA', 'Info', 'Spec', 'JE', '01/03/2021', 2.52),
(259, 3840172, 'IT', 'Ma', 'Spec', 'KE', '21/10/2020', 2.51),
(260, 7590238, 'MKT', 'Info', 'Spec', 'TU', '16/02/2021', 2.5),
(261, 1684023, 'MKT', 'Ma', 'Spec', 'BE', '13/12/2020', 2.49),
(262, 5024138, 'MKT', 'Eco', 'Spec', 'MO', '25/09/2020', 2.48),
(263, 9374812, 'Fin', 'Ma', 'Spec', 'SF', '19/09/2020', 2.47),
(264, 3615892, 'BA', 'Sci', 'Spec', 'BA', '15/05/2021', 2.46),
(265, 7403128, 'BA', 'Eco', 'Spec', 'TA', '12/08/2020', 2.45),
(266, 2548093, 'MKT', 'Ma', 'Spec', 'TA', '27/02/2021', 2.44),
(267, 6785031, 'MKT', 'Tech', 'Spec', 'KS', '24/03/2021', 2.43),
(268, 4198650, 'Fin', 'Eco', 'Spec', 'MN', '09/01/2021', 2.42),
(269, 9320841, 'Fin', 'Ma', 'Spec', 'MO', '07/03/2021', 2.41),
(270, 5784203, 'MKT', 'Tech', 'Spec', 'MA', '30/04/2021', 2.4),
(271, 3147980, 'IT', 'Eco', 'Spec', 'SF', '21/11/2020', 2.39),
(272, 6051789, 'BA', 'Ma', 'Spec', 'AR', '18/09/2020', 2.38),
(273, 1490623, 'Fin', 'Info', 'Spec', 'TU', '28/01/2021', 2.36),
(274, 3870152, 'BA', 'Eco', 'Spec', 'KS', '25/10/2020', 2.35),
(275, 6948012, 'Acc', 'Ma', 'Spec', 'AR', '21/08/2020', 2.34),
(276, 5032481, 'MKT', 'Eco', 'Spec', 'NB', '27/03/2021', 2.33),
(277, 8762104, 'BA', 'Info', 'Spec', 'KA', '14/07/2020', 2.32),
(278, 4685093, 'Fin', 'Ma', 'Spec', 'SB', '26/04/2021', 2.29),
(279, 7201634, 'BA', 'Eco', 'Spec', 'AR', '08/08/2020', 2.28),
(280, 2954780, 'Fin', 'Tech', 'Spec', 'MA', '21/10/2020', 2.27),
(281, 6328401, 'Fin', 'Ma', 'Spec', 'AR', '03/03/2021', 2.26),
(282, 8012543, 'BA', 'Tech', 'Spec', 'ZA', '22/12/2020', 2.25),
(283, 1275834, 'Acc', 'Ma', 'Spec', 'GA', '25/10/2020', 2.24),
(284, 5798142, 'Fin', 'Sci', 'Spec', 'AR', '09/08/2020', 2.23),
(285, 3462108, 'BA', 'Tech', 'Spec', 'BE', '27/05/2021', 2.22),
(286, 9038741, 'IT', 'Tech', 'Spec', 'TA', '09/11/2020', 2.21),
(287, 5189376, 'BA', 'Info', 'Spec', 'SF', '20/01/2021', 2.2),
(288, 4598102, 'IT', 'Eco', 'Spec', 'SB', '24/10/2020', 2.18),
(289, 7820134, 'IT', 'Info', 'Spec', 'TA', '03/09/2020', 2.17),
(290, 3152948, 'BA', 'Eco', 'Spec', 'MA', '15/08/2020', 2.16),
(291, 6784501, 'IT', 'Ma', 'Spec', 'JE', '08/04/2021', 2.15),
(292, 1934678, 'Fin', 'Eco', 'Spec', 'SF', '07/05/2021', 2.14),
(293, 2378091, 'Acc', 'Eco', 'Spec', 'KS', '02/04/2021', 2.12),
(294, 5062873, 'IT', 'Info', 'Spec', 'TA', '13/03/2021', 2.11),
(295, 3208467, 'BA', 'Eco', 'Spec', 'TU', '10/02/2021', 2.08),
(296, 6951832, 'Fin', 'Sci', 'Spec', 'TA', '15/05/2021', 2.07),
(297, 1309874, 'Acc', 'Tech', 'Spec', 'MN', '10/02/2021', 2.05),
(298, 5870412, 'BA', 'Eco', 'Spec', 'MO', '13/11/2020', 2.04),
(299, 4037158, 'BA', 'Info', 'Spec', 'MN', '30/11/2020', 2.03),
(300, 2196357, 'IT', 'Eco', 'Spec', 'SB', '31/08/2020', 2.02),
(301, 1582974, 'Acc', 'Eco', 'Spec', 'MA', '14/11/2020', 2),
(302, 8320761, 'IT', 'Ma', 'Spec', 'AR', '16/12/2020', 1.99),
(303, 5021483, 'MKT', 'Tech', 'Spec', 'MO', '21/01/2021', 1.98),
(304, 9678134, 'BA', 'Info', 'Spec', 'BI', '29/07/2020', 1.97),
(305, 4135862, 'IT', 'Ma', 'Spec', 'TA', '15/09/2020', 1.96),
(306, 6480912, 'IT', 'Eco', 'Spec', 'TU', '19/04/2021', 1.94),
(307, 3570928, 'Acc', 'Ma', 'Spec', 'SO', '24/08/2020', 1.93),
(308, 2910834, 'BA', 'Sci', 'Spec', 'KS', '05/04/2021', 1.92),
(309, 5069723, 'IT', 'Tech', 'Spec', 'AR', '29/03/2021', 1.91),
(310, 1832074, 'Acc', 'Eco', 'Spec', 'TU', '21/01/2021', 1.9),
(311, 8903472, 'IT', 'Sci', 'Spec', 'BA', '17/03/2021', 1.89),
(312, 5432890, 'IT', 'Eco', 'Spec', 'BI', '11/09/2020', 1.88),
(313, 2673018, 'IT', 'Tech', 'Spec', 'SI', '08/12/2020', 1.87),
(314, 4295813, 'IT', 'Info', 'Spec', 'AR', '12/01/2021', 1.85),
(315, 6942381, 'BA', 'Eco', 'Spec', 'BI', '12/11/2020', 1.84),
(316, 5038721, 'Acc', 'Ma', 'Spec', 'SI', '14/04/2021', 1.83),
(317, 8274013, 'IT', 'Ma', 'Spec', 'MN', '02/02/2021', 1.82),
(318, 1652398, 'IT', 'Sci', 'Spec', 'MO', '02/08/2020', 1.81),
(319, 9740831, 'IT', 'Info', 'Spec', 'TO', '05/07/2020', 1.8),
(320, 7012548, 'BA', 'Eco', 'Spec', 'JE', '17/07/2020', 1.79),
(321, 2354718, 'BA', 'Ma', 'Spec', 'MO', '19/09/2020', 1.78),
(322, 8091734, 'BA', 'Info', 'Spec', 'SO', '20/08/2020', 1.77),
(323, 3742980, 'IT', 'Eco', 'Spec', 'NB', '07/12/2020', 1.75),
(324, 6921854, 'Acc', 'Ma', 'Spec', 'BI', '31/01/2021', 1.74),
(325, 8371420, 'IT', 'Ma', 'Spec', 'GA', '09/05/2021', 1.73),
(326, 1490853, 'IT', 'Info', 'Spec', 'TO', '14/07/2020', 1.72),
(327, 4280135, 'IT', 'Sci', 'Spec', 'ZA', '05/10/2020', 3.5),
(328, 7650923, 'BA', 'Ma', 'Spec', 'AR', '25/04/2021', 3.49),
(329, 3021847, 'IT', 'Sci', 'Spec', 'BA', '08/08/2020', 3.48),
(330, 6948301, 'IT', 'Sci', 'Spec', 'TU', '08/11/2020', 3.46),
(331, 5082341, 'IT', 'Ma', 'Spec', 'KA', '15/09/2020', 3.43),
(332, 7942031, 'IT', 'Eco', 'Spec', 'KE', '25/10/2020', 3.42),
(333, 1563489, 'IT', 'Ma', 'Spec', 'AR', '05/09/2020', 3.41),
(334, 6370412, 'IT', 'Eco', 'Spec', 'KE', '03/12/2020', 3.4),
(335, 8901257, 'IT', 'Sci', 'Spec', 'SO', '09/08/2020', 3.39),
(336, 4215098, 'IT', 'Info', 'Spec', 'MA', '28/02/2021', 3.38),
(337, 9038172, 'BA', 'Eco', 'Spec', 'SF', '13/09/2020', 3.37),
(338, 1847502, 'IT', 'Tech', 'Spec', 'SF', '29/05/2021', 3.36),
(339, 3421589, 'IT', 'Ma', 'Spec', 'KE', '05/09/2020', 3.34),
(340, 9765023, 'IT', 'Sci', 'Spec', 'JE', '29/03/2021', 3.33),
(341, 2801345, 'Fin', 'Ma', 'Spec', 'JE', '22/11/2020', 3.32),
(342, 5948213, 'Acc', 'Sci', 'Spec', 'KEB', '21/08/2020', 3.31),
(343, 12345678, 'IT', 'Eco', 'Spec', 'SI', '04/06/2022', 3.4),
(344, 23456789, 'Acc', 'Ma', 'Spec', 'BA', '02/06/2022', 3.39),
(345, 34567890, 'Fin', 'Eco', 'Spec', 'BI', '18/06/2022', 3.38),
(346, 45678901, 'Fin', 'Ma', 'Spec', 'GA', '29/06/2022', 3.37),
(347, 56789012, 'BA', 'Ma', 'Spec', 'BA', '24/06/2022', 3.36),
(348, 67890123, 'BA', 'Info', 'Spec', 'SB', '18/06/2022', 3.35),
(349, 78901234, 'BA', 'Eco', 'Spec', 'BI', '27/06/2022', 3.34),
(350, 89012345, 'Acc', 'Ma', 'Spec', 'KA', '27/06/2022', 3.33),
(351, 90123456, 'Fin', 'Ma', 'Spec', 'KS', '10/06/2022', 3.32),
(352, 21345678, 'IT', 'Info', 'Spec', 'NB', '13/06/2022', 3.3),
(353, 32456789, 'BA', 'Eco', 'Spec', 'SO', '15/06/2022', 3.29),
(354, 43567890, 'Acc', 'Ma', 'Spec', 'KA', '18/06/2022', 3.28),
(355, 54678901, 'BA', 'Eco', 'Spec', 'KEB', '16/06/2022', 3.27),
(356, 65789012, 'BA', 'Tech', 'Spec', 'MO', '03/06/2022', 3.26),
(357, 76890123, 'BA', 'Ma', 'Spec', 'MN', '29/06/2022', 3.25),
(358, 87901234, 'BA', 'Eco', 'Spec', 'GA', '01/06/2022', 3.24),
(359, 89012346, 'IT', 'Eco', 'Spec', 'KE', '26/06/2022', 3.23),
(360, 90123457, 'Acc', 'Sci', 'Spec', 'SI', '24/06/2022', 3.22),
(361, 12345679, 'IT', 'Ma', 'Spec', 'KS', '26/06/2022', 3.21),
(362, 23456780, 'BA', 'Ma', 'Spec', 'MN', '08/06/2022', 3.2),
(363, 34567891, 'Acc', 'Eco', 'Spec', 'TO', '11/06/2022', 3.19),
(364, 45678902, 'IT', 'Ma', 'Spec', 'KEB', '19/06/2022', 3.18),
(365, 56789013, 'Acc', 'Tech', 'Spec', 'GA', '05/06/2022', 3.17),
(366, 78901235, 'Acc', 'Eco', 'Spec', 'SB', '09/06/2022', 3.15),
(367, 90123458, 'BA', 'Info', 'Spec', 'MN', '29/06/2022', 3.13),
(368, 10234568, 'IT', 'Eco', 'Spec', 'BA', '28/06/2022', 3.12),
(369, 32456780, 'IT', 'Ma', 'Spec', 'ME', '25/06/2022', 3.1),
(370, 43567892, 'Acc', 'Info', 'Spec', 'KEB', '06/06/2022', 3.09),
(371, 54678903, 'Acc', 'Eco', 'Spec', 'GA', '11/06/2022', 3.08),
(372, 65789014, 'IT', 'Info', 'Spec', 'BA', '24/06/2022', 3.07),
(373, 76890125, 'IT', 'Eco', 'Spec', 'MN', '26/06/2022', 3.06),
(374, 87901236, 'IT', 'Eco', 'Spec', 'GA', '02/06/2022', 3.05),
(375, 89012348, 'IT', 'Info', 'Spec', 'JE', '28/06/2022', 3.04),
(376, 10234569, 'Acc', 'Eco', 'Spec', 'KEB', '19/06/2022', 3.02),
(377, 21345680, 'Fin', 'Eco', 'Spec', 'ME', '09/06/2022', 3.01),
(378, 32456791, 'IT', 'Sci', 'Spec', 'KS', '17/06/2022', 3),
(379, 43567803, 'BA', 'Tech', 'Spec', 'SB', '09/06/2022', 2.99),
(380, 54678914, 'IT', 'Sci', 'Spec', 'ME', '23/06/2022', 2.98),
(381, 76890136, 'IT', 'Eco', 'Spec', 'MA', '15/06/2022', 2.96),
(382, 87901247, 'Fin', 'Tech', 'Spec', 'SF', '03/06/2022', 2.95),
(383, 89012349, 'Acc', 'Eco', 'Spec', 'GA', '19/06/2022', 2.94),
(384, 90123460, 'Acc', 'Ma', 'Spec', 'MA', '03/06/2022', 2.93),
(385, 10234570, 'Acc', 'Tech', 'Spec', 'TU', '14/06/2022', 2.92),
(386, 21345681, 'Acc', 'Tech', 'Spec', 'MN', '15/06/2022', 2.91),
(387, 32456792, 'IT', 'Eco', 'Spec', 'BE', '24/06/2022', 2.9),
(388, 43567804, 'IT', 'Tech', 'Spec', 'TO', '19/06/2022', 2.89),
(389, 54678915, 'IT', 'Ma', 'Spec', 'ME', '25/06/2022', 2.88),
(390, 65789026, 'Acc', 'Sci', 'Spec', 'GA', '13/06/2022', 2.87),
(391, 76890137, 'Acc', 'Info', 'Spec', 'KS', '12/06/2022', 2.86),
(392, 89012350, 'IT', 'Tech', 'Spec', 'MO', '05/06/2022', 2.84),
(393, 90123461, 'IT', 'Tech', 'Spec', 'JE', '12/06/2022', 2.83),
(394, 10234571, 'Fin', 'Tech', 'Spec', 'SB', '11/06/2022', 2.82),
(395, 21345682, 'BA', 'Ma', 'Spec', 'MA', '04/06/2022', 2.81),
(396, 32456793, 'Acc', 'Info', 'Spec', 'MO', '29/06/2022', 2.8),
(397, 43567805, 'IT', 'Info', 'Spec', 'MO', '25/06/2022', 2.79),
(398, 54678916, 'Acc', 'Eco', 'Spec', 'KEB', '14/06/2022', 2.78),
(399, 65789027, 'IT', 'Eco', 'Spec', 'BE', '02/06/2022', 2.77),
(400, 87901249, 'MKT', 'Ma', 'Spec', 'KS', '12/06/2022', 2.75),
(401, 89012351, 'IT', 'Ma', 'Spec', 'MA', '15/06/2022', 2.74),
(402, 90123462, 'Acc', 'Ma', 'Spec', 'ZA', '18/06/2022', 2.73),
(403, 10234572, 'Acc', 'Eco', 'Spec', 'SI', '18/06/2022', 2.72),
(404, 21345683, 'Fin', 'Eco', 'Spec', 'TA', '01/06/2022', 2.71),
(405, 32456794, 'BA', 'Info', 'Spec', 'BI', '26/06/2022', 2.7),
(406, 43567806, 'Fin', 'Tech', 'Spec', 'MO', '28/06/2022', 2.69),
(407, 54678917, 'Fin', 'Eco', 'Spec', 'ZA', '06/06/2022', 2.68),
(408, 65789028, 'Acc', 'Eco', 'Spec', 'NB', '18/06/2022', 2.67),
(409, 87901250, 'Fin', 'Eco', 'Spec', 'BI', '05/06/2022', 2.65),
(410, 89012352, 'Fin', 'Ma', 'Spec', 'MN', '11/06/2022', 2.64),
(411, 90123463, 'BA', 'Sci', 'Spec', 'ZA', '12/06/2022', 2.63),
(412, 10234573, 'IT', 'Ma', 'Spec', 'TA', '02/06/2022', 2.62),
(413, 21345684, 'MKT', 'Info', 'Spec', 'BI', '20/06/2022', 2.61),
(414, 32456795, 'BA', 'Eco', 'Spec', 'MA', '24/06/2022', 2.6),
(415, 43567807, 'MKT', 'Info', 'Spec', 'KA', '02/06/2022', 2.59),
(416, 54678918, 'MKT', 'Info', 'Spec', 'NB', '17/06/2022', 2.58),
(417, 65789029, 'Acc', 'Eco', 'Spec', 'SO', '29/06/2022', 2.57),
(418, 76890140, 'IT', 'Ma', 'Spec', 'ZA', '08/06/2022', 2.56),
(419, 87901251, 'MKT', 'Tech', 'Spec', 'TA', '25/06/2022', 2.55),
(420, 90123464, 'MKT', 'Ma', 'Spec', 'MA', '11/06/2022', 2.53),
(421, 10234574, 'IT', 'Eco', 'Spec', 'TU', '05/06/2022', 2.52),
(422, 21345685, 'Acc', 'Eco', 'Spec', 'MA', '24/06/2022', 2.51),
(423, 32456796, 'Acc', 'Sci', 'Spec', 'MA', '13/06/2022', 2.5),
(424, 43567808, 'Fin', 'Eco', 'Spec', 'KA', '06/06/2022', 2.49),
(425, 54678919, 'Fin', 'Eco', 'Spec', 'KEB', '13/06/2022', 2.48),
(426, 76890141, 'IT', 'Sci', 'Spec', 'BI', '29/06/2022', 2.46),
(427, 87901252, 'IT', 'Eco', 'Spec', 'JE', '05/06/2022', 2.45),
(428, 89012354, 'IT', 'Eco', 'Spec', 'SI', '26/06/2022', 2.44),
(429, 90123465, 'BA', 'Info', 'Spec', 'KE', '01/06/2022', 2.43),
(430, 10234575, 'IT', 'Eco', 'Spec', 'JE', '07/06/2022', 2.42),
(431, 21345686, 'BA', 'Tech', 'Spec', 'NB', '10/06/2022', 2.41),
(432, 43567809, 'Fin', 'Ma', 'Spec', 'BE', '14/06/2022', 2.39),
(433, 65789031, 'BA', 'Ma', 'Spec', 'AR', '24/06/2022', 2.37),
(434, 76890142, 'Fin', 'Eco', 'Spec', 'BA', '07/06/2022', 2.36),
(435, 87901253, 'Acc', 'Sci', 'Spec', 'ME', '25/06/2022', 2.35),
(436, 89012355, 'Fin', 'Tech', 'Spec', 'SF', '07/06/2022', 2.34),
(437, 10234576, 'IT', 'Eco', 'Spec', 'ZA', '08/06/2022', 2.32),
(438, 32456798, 'BA', 'Eco', 'Spec', 'BE', '20/06/2022', 2.3),
(439, 43567810, 'Acc', 'Sci', 'Spec', 'JE', '27/06/2022', 2.29),
(440, 54678921, 'Acc', 'Eco', 'Spec', 'SI', '13/06/2022', 2.28),
(441, 65789032, 'MKT', 'Ma', 'Spec', 'BE', '25/06/2022', 2.27),
(442, 76890143, 'IT', 'Eco', 'Spec', 'SO', '23/06/2022', 2.26),
(443, 87901254, 'IT', 'Info', 'Spec', 'BE', '04/06/2022', 2.25),
(444, 89012356, 'Acc', 'Ma', 'Spec', 'SB', '06/06/2022', 2.24),
(445, 90123467, 'Acc', 'Ma', 'Spec', 'MO', '02/06/2022', 2.23),
(446, 10234577, 'MKT', 'Ma', 'Spec', 'BI', '04/06/2022', 2.22),
(447, 21345688, 'Acc', 'Sci', 'Spec', 'MA', '26/06/2022', 2.21),
(448, 32456799, 'MKT', 'Ma', 'Spec', 'TA', '08/06/2022', 2.2),
(449, 43567811, 'MKT', 'Ma', 'Spec', 'BI', '07/06/2022', 2.19),
(450, 65789033, 'Acc', 'Eco', 'Spec', 'ME', '22/06/2022', 2.17),
(451, 76890144, 'IT', 'Sci', 'Spec', 'SB', '11/06/2022', 2.16),
(452, 87901255, 'IT', 'Eco', 'Spec', 'MA', '19/06/2022', 2.15),
(453, 89012357, 'Acc', 'Ma', 'Spec', 'BE', '22/06/2022', 2.14),
(454, 90123468, 'Acc', 'Ma', 'Spec', 'TO', '27/06/2022', 2.13),
(455, 10234578, 'IT', 'Tech', 'Spec', 'ME', '25/06/2022', 2.12),
(456, 21345689, 'IT', 'Info', 'Spec', 'NB', '21/06/2022', 2.11),
(457, 32456800, 'Acc', 'Ma', 'Spec', 'KA', '22/06/2022', 2.1),
(458, 43567812, 'Acc', 'Eco', 'Spec', 'BI', '20/06/2022', 2.09),
(459, 54678923, 'MKT', 'Sci', 'Spec', 'TO', '20/06/2022', 2.08),
(460, 65789034, 'Acc', 'Ma', 'Spec', 'BI', '22/06/2022', 2.07),
(461, 76890145, 'MKT', 'Tech', 'Spec', 'MN', '28/06/2022', 2.06),
(462, 87901256, 'MKT', 'Sci', 'Spec', 'MO', '05/06/2022', 2.05),
(463, 89012358, 'Acc', 'Info', 'Spec', 'MA', '01/06/2022', 2.04),
(464, 12345678, 'IT', 'Ma', 'Spec', 'SO', '26/06/2022', 2.02),
(465, 23456789, 'Acc', 'Ma', 'Spec', 'SI', '13/06/2022', 2.01),
(466, 34567890, 'MKT', 'Eco', 'Spec', 'MA', '15/06/2022', 2),
(467, 45678901, 'MKT', 'Ma', 'Spec', 'ME', '20/06/2022', 1.99),
(468, 56789012, 'Fin', 'Tech', 'Spec', 'BI', '20/06/2022', 1.98),
(469, 67890123, 'Acc', 'Eco', 'Spec', 'KA', '19/06/2022', 1.97),
(470, 78901234, 'Acc', 'Ma', 'Spec', 'AR', '10/06/2022', 1.96),
(471, 89012345, 'MKT', 'Eco', 'Spec', 'BI', '24/06/2022', 1.95),
(472, 90123456, 'IT', 'Sci', 'Spec', 'BE', '02/06/2022', 1.94),
(473, 10234567, 'Acc', 'Info', 'Spec', 'SF', '28/06/2022', 1.93),
(474, 21345678, 'Acc', 'Ma', 'Spec', 'ME', '11/06/2022', 1.92),
(475, 32456789, 'Acc', 'Eco', 'Spec', 'ZA', '09/06/2022', 1.91),
(476, 43567890, 'IT', 'Eco', 'Spec', 'SI', '23/06/2022', 1.9),
(477, 65789012, 'BA', 'Eco', 'Spec', 'BA', '15/06/2022', 1.88),
(478, 76890123, 'Acc', 'Eco', 'Spec', 'ZA', '15/06/2022', 1.87),
(479, 87901234, 'Acc', 'Tech', 'Spec', 'AR', '12/06/2022', 1.86),
(480, 89012346, 'IT', 'Ma', 'Spec', 'KS', '23/06/2022', 1.85),
(481, 12345679, 'Acc', 'Ma', 'Spec', 'MO', '16/06/2022', 1.83),
(482, 23456780, 'Acc', 'Eco', 'Spec', 'TO', '07/06/2022', 1.82),
(483, 34567891, 'MKT', 'Info', 'Spec', 'BA', '11/06/2022', 1.81),
(484, 45678902, 'IT', 'Info', 'Spec', 'ME', '06/06/2022', 1.8),
(485, 67890124, 'IT', 'Eco', 'Spec', 'BI', '20/06/2022', 1.78),
(486, 78901235, 'Acc', 'Eco', 'Spec', 'MN', '22/06/2022', 1.77),
(487, 89012347, 'Acc', 'Eco', 'Spec', 'SB', '10/06/2022', 1.76),
(488, 90123458, 'IT', 'Tech', 'Spec', 'SF', '02/06/2022', 1.75),
(489, 10234568, 'Acc', 'Tech', 'Spec', 'KE', '25/06/2022', 1.74),
(490, 21345679, 'MKT', 'Eco', 'Spec', 'KS', '02/06/2022', 0),
(491, 32456780, 'Acc', 'Sci', 'Spec', 'BA', '22/06/2022', 1.73),
(492, 43567892, 'MKT', 'Eco', 'Spec', 'ME', '21/06/2022', 1.72),
(493, 54678903, 'MKT', 'Info', 'Spec', 'GA', '05/06/2022', 1.86),
(494, 65789014, 'MKT', 'Ma', 'Spec', 'KEB', '09/06/2022', 1.85),
(495, 76890125, 'Fin', 'Eco', 'Spec', 'TO', '25/06/2022', 1.84),
(496, 87901236, 'Acc', 'Ma', 'Spec', 'JE', '21/06/2022', 1.83),
(497, 89012348, 'BA', 'Eco', 'Spec', 'KA', '15/06/2022', 1.82),
(498, 90123459, 'IT', 'Tech', 'Spec', 'TU', '24/06/2022', 1.81),
(499, 21345680, 'Acc', 'Eco', 'Spec', 'MA', '09/06/2022', 1.79),
(500, 32456791, 'MKT', 'Sci', 'Spec', 'SF', '10/06/2022', 1.78),
(501, 43567803, 'BA', 'Info', 'Spec', 'BA', '02/06/2022', 1.77),
(502, 54678914, 'Fin', 'Eco', 'Spec', 'TA', '21/06/2022', 1.76),
(503, 65789025, 'Fin', 'Eco', 'Spec', 'ME', '29/06/2022', 1.75),
(504, 76890136, 'BA', 'Eco', 'Spec', 'JE', '07/06/2022', 1.74),
(505, 87901247, 'Acc', 'Sci', 'Spec', 'JE', '12/06/2022', 0),
(506, 89012349, 'Fin', 'Tech', 'Spec', 'BE', '28/06/2022', 1.73),
(507, 90123460, 'BA', 'Eco', 'Spec', 'TA', '21/06/2022', 1.72),
(508, 10234570, 'IT', 'Ma', 'Spec', 'SF', '18/06/2022', 1.86),
(509, 21345681, 'BA', 'Eco', 'Spec', 'JE', '26/06/2022', 1.85),
(510, 32456792, 'IT', 'Ma', 'Spec', 'SF', '27/06/2022', 1.84),
(511, 43567804, 'IT', 'Eco', 'Spec', 'GA', '12/06/2022', 1.83),
(512, 54678915, 'BA', 'Ma', 'Spec', 'GA', '20/06/2022', 1.82),
(513, 65789026, 'IT', 'Tech', 'Spec', 'BE', '03/06/2022', 1.81),
(514, 76890137, 'Fin', 'Eco', 'Spec', 'KEB', '03/06/2022', 1.8),
(515, 87901248, 'IT', 'Tech', 'Spec', 'SO', '25/06/2022', 1.79),
(516, 89012350, 'BA', 'Info', 'Spec', 'MO', '18/06/2022', 1.78),
(517, 90123461, 'Fin', 'Sci', 'Spec', 'TU', '19/06/2022', 1.77),
(518, 10234571, 'Acc', 'Info', 'Spec', 'TU', '05/06/2022', 1.76),
(519, 32456793, 'MKT', 'Ma', 'Spec', 'SI', '23/06/2022', 1.74),
(520, 43567805, 'IT', 'Tech', 'Spec', 'KA', '26/06/2022', 1.7),
(521, 12345678, '', 'Ma', 'Fresh', 'AR', '15/06/2020', 2.9),
(522, 23456789, '', 'Tech', 'Fresh', 'BE', '23/06/2020', 2),
(523, 34567890, '', 'Eco', 'Fresh', 'AR', '23/06/2020', 3.7),
(524, 45678901, '', 'Ma', 'Fresh', 'KEB', '25/06/2020', 2.6),
(525, 56789012, '', 'Sci', 'Fresh', 'BI', '09/06/2020', 2),
(526, 67890123, '', 'Tech', 'Fresh', 'SO', '06/06/2020', 1.5),
(527, 78901234, '', 'Info', 'Fresh', 'TO', '08/06/2020', 2.1),
(528, 89012345, '', 'Tech', 'Fresh', 'ZA', '27/06/2020', 3.5),
(529, 90123456, '', 'Ma', 'Fresh', 'GA', '05/06/2020', 1.5),
(530, 10234567, '', 'Tech', 'Fresh', 'GA', '12/06/2020', 3.1),
(531, 21345678, '', 'Ma', 'Fresh', 'BA', '24/06/2020', 2.7),
(532, 32456789, '', 'Eco', 'Fresh', 'BA', '06/06/2020', 2.5),
(533, 43567890, '', 'Eco', 'Fresh', 'ZA', '11/06/2020', 2.1),
(534, 54678901, '', 'Ma', 'Fresh', 'MA', '12/06/2020', 1.9),
(535, 65789012, '', 'Ma', 'Fresh', 'GA', '14/06/2020', 1.6),
(536, 76890123, '', 'Eco', 'Fresh', 'JE', '24/06/2020', 3.9),
(537, 87901234, '', 'Tech', 'Fresh', 'SB', '10/06/2020', 2.7),
(538, 89012346, '', 'Sci', 'Fresh', 'BI', '21/06/2020', 3),
(539, 90123457, '', 'Sci', 'Fresh', 'KE', '20/06/2020', 2),
(540, 12345679, '', 'Tech', 'Fresh', 'KS', '02/06/2020', 1.9),
(541, 23456780, '', 'Ma', 'Fresh', 'NB', '28/06/2020', 2.5),
(542, 34567891, '', 'Info', 'Fresh', 'KE', '08/06/2020', 2),
(543, 45678902, '', 'Eco', 'Fresh', 'ZA', '17/06/2020', 3.3),
(544, 56789013, '', 'Ma', 'Fresh', 'KEB', '11/06/2020', 3.7),
(545, 67890124, '', 'Eco', 'Fresh', 'GA', '01/06/2020', 1.8),
(546, 78901235, '', 'Ma', 'Fresh', 'BE', '19/06/2020', 2.1),
(547, 89012347, '', 'Eco', 'Fresh', 'KEB', '14/06/2020', 3.1),
(548, 90123458, '', 'Ma', 'Fresh', 'MO', '02/06/2020', 2.6),
(549, 10234568, '', 'Ma', 'Fresh', 'AR', '06/06/2020', 2.2),
(550, 21345679, '', 'Eco', 'Fresh', 'SI', '26/06/2020', 1.8),
(551, 32456780, '', 'Ma', 'Fresh', 'TU', '26/06/2020', 1.7),
(552, 43567892, '', 'Ma', 'Fresh', 'TO', '24/06/2020', 1.9),
(553, 54678903, '', 'Eco', 'Fresh', 'ME', '11/06/2020', 3.9),
(554, 65789014, '', 'Tech', 'Fresh', 'TA', '29/06/2020', 2.4),
(555, 76890125, '', 'Eco', 'Fresh', 'SB', '13/06/2020', 2),
(556, 87901236, '', 'Tech', 'Fresh', 'BI', '13/06/2020', 2.3),
(557, 89012348, '', 'Ma', 'Fresh', 'BI', '25/06/2020', 2.1),
(558, 90123459, '', 'Info', 'Fresh', 'KEB', '09/06/2020', 3.6),
(559, 10234569, '', 'Eco', 'Fresh', 'BI', '07/06/2020', 2.8),
(560, 21345680, '', 'Eco', 'Fresh', 'AR', '08/06/2020', 2.9),
(561, 32456791, '', 'Ma', 'Fresh', 'ME', '14/06/2020', 2.5),
(562, 43567803, '', 'Ma', 'Fresh', 'TO', '07/06/2020', 2.4),
(563, 54678914, '', 'Eco', 'Fresh', 'KA', '12/06/2020', 1.9),
(564, 65789025, '', 'Ma', 'Fresh', 'BI', '25/06/2020', 2.2),
(565, 76890136, '', 'Eco', 'Fresh', 'NB', '02/06/2020', 3.6),
(566, 87901247, '', 'Ma', 'Fresh', 'MN', '12/06/2020', 2.9),
(567, 89012349, '', 'Eco', 'Fresh', 'GA', '11/06/2020', 2.7),
(568, 90123460, '', 'Ma', 'Fresh', 'KEB', '13/06/2020', 3.4),
(569, 10234570, '', 'Ma', 'Fresh', 'SO', '16/06/2020', 2.4),
(570, 21345681, '', 'Ma', 'Fresh', 'ZA', '17/06/2020', 1.7),
(571, 32456792, '', 'Ma', 'Fresh', 'BI', '17/06/2020', 1.5),
(572, 43567804, '', 'Info', 'Fresh', 'MA', '21/06/2020', 2.2),
(573, 54678915, '', 'Info', 'Fresh', 'GA', '20/06/2020', 3.8),
(574, 65789026, '', 'Eco', 'Fresh', 'BA', '11/06/2020', 1.9),
(575, 76890137, '', 'Ma', 'Fresh', 'GA', '11/06/2020', 2.5),
(576, 87901248, '', 'Tech', 'Fresh', 'KE', '26/06/2020', 2),
(577, 89012350, '', 'Info', 'Fresh', 'SI', '05/06/2020', 2.7),
(578, 90123461, '', 'Eco', 'Fresh', 'KE', '12/06/2020', 2.8),
(579, 10234571, '', 'Eco', 'Fresh', 'BE', '29/06/2020', 3.7),
(580, 21345682, '', 'Sci', 'Fresh', 'MN', '19/06/2020', 2),
(581, 32456793, '', 'Eco', 'Fresh', 'BI', '05/06/2020', 3),
(582, 43567805, '', 'Sci', 'Fresh', 'AR', '01/06/2020', 3.3),
(583, 54678916, '', 'Sci', 'Fresh', 'AR', '15/06/2020', 2.7),
(584, 65789027, '', 'Ma', 'Fresh', 'BE', '15/06/2020', 3.1),
(585, 76890138, '', 'Ma', 'Fresh', 'BA', '12/06/2020', 2.5),
(586, 87901249, '', 'Ma', 'Fresh', 'MO', '06/06/2020', 2.5),
(587, 89012351, '', 'Ma', 'Fresh', 'NB', '19/06/2020', 2.4),
(588, 90123462, '', 'Ma', 'Fresh', 'SF', '18/06/2020', 3.6),
(589, 10234572, '', 'Eco', 'Fresh', 'NB', '07/06/2020', 3),
(590, 21345683, '', 'Eco', 'Fresh', 'ZA', '26/06/2020', 2.4),
(591, 32456794, '', 'Tech', 'Fresh', 'TA', '15/06/2020', 3.6),
(592, 43567806, '', 'Ma', 'Fresh', 'SO', '15/06/2020', 2.2),
(593, 54678917, '', 'Sci', 'Fresh', 'ME', '10/06/2020', 3),
(594, 65789028, '', 'Eco', 'Fresh', 'KS', '24/06/2020', 3.3),
(595, 76890139, '', 'Tech', 'Fresh', 'AR', '15/06/2020', 2.2),
(596, 87901250, '', 'Tech', 'Fresh', 'ME', '02/06/2020', 3.6),
(597, 89012352, '', 'Tech', 'Fresh', 'BE', '02/06/2020', 3.1),
(598, 90123463, '', 'Ma', 'Fresh', 'MO', '16/06/2020', 3.7),
(599, 10234573, '', 'Ma', 'Fresh', 'SI', '12/06/2020', 2.5),
(600, 21345684, '', 'Sci', 'Fresh', 'BE', '11/06/2020', 2.7),
(601, 32456795, '', 'Info', 'Fresh', 'ZA', '03/06/2020', 2),
(602, 43567807, '', 'Eco', 'Fresh', 'TA', '27/06/2020', 3.8),
(603, 54678918, '', 'Ma', 'Fresh', 'TU', '08/06/2020', 3.6),
(604, 65789029, '', 'Eco', 'Fresh', 'KS', '13/06/2020', 2.6),
(605, 76890140, '', 'Ma', 'Fresh', 'KS', '27/06/2020', 2.8),
(606, 87901251, '', 'Info', 'Fresh', 'ME', '02/06/2020', 2.6),
(607, 89012353, '', 'Sci', 'Fresh', 'BA', '05/06/2020', 3.4),
(608, 90123464, '', 'Info', 'Fresh', 'NB', '01/06/2020', 3.1),
(609, 10234574, '', 'Eco', 'Fresh', 'SB', '11/06/2020', 2.7),
(610, 21345685, '', 'Tech', 'Fresh', 'KE', '07/06/2020', 2.3),
(611, 32456796, '', 'Tech', 'Fresh', 'KE', '17/06/2020', 2.9),
(612, 43567808, '', 'Eco', 'Fresh', 'SF', '07/06/2020', 2.9),
(613, 54678919, '', 'Info', 'Fresh', 'SO', '20/06/2020', 2.4),
(614, 65789030, '', 'Eco', 'Fresh', 'MN', '21/06/2020', 2.2),
(615, 76890141, '', 'Eco', 'Fresh', 'KS', '29/06/2020', 3.3),
(616, 87901252, '', 'Eco', 'Fresh', 'TU', '11/06/2020', 1.8),
(617, 89012354, '', 'Eco', 'Fresh', 'SF', '16/06/2020', 2.9),
(618, 90123465, '', 'Eco', 'Fresh', 'AR', '10/06/2020', 3.1),
(619, 10234575, '', 'Info', 'Fresh', 'SB', '02/06/2020', 3),
(620, 21345686, '', 'Ma', 'Fresh', 'KEB', '02/06/2020', 2.4),
(621, 32456797, '', 'Tech', 'Fresh', 'BE', '27/06/2020', 1.7),
(622, 43567809, '', 'Eco', 'Fresh', 'MN', '01/06/2020', 2.5),
(623, 54678920, '', 'Ma', 'Fresh', 'JE', '21/06/2020', 2.2),
(624, 65789031, '', 'Info', 'Fresh', 'MO', '18/06/2020', 3.2),
(625, 76890142, '', 'Eco', 'Fresh', 'TA', '26/06/2020', 2),
(626, 87901253, '', 'Eco', 'Fresh', 'ME', '19/06/2020', 3.6),
(627, 89012355, '', 'Eco', 'Fresh', 'SO', '27/06/2020', 1.7),
(628, 90123466, '', 'Tech', 'Fresh', 'JE', '21/06/2020', 3.7),
(629, 10234576, '', 'Eco', 'Fresh', 'AR', '15/06/2020', 1.7),
(630, 21345687, '', 'Eco', 'Fresh', 'GA', '22/06/2020', 2.6),
(631, 32456798, '', 'Eco', 'Fresh', 'KEB', '21/06/2020', 2.2),
(632, 43567810, '', 'Eco', 'Fresh', 'JE', '20/06/2020', 2.1),
(633, 54678921, '', 'Eco', 'Fresh', 'SF', '20/06/2020', 3.4),
(634, 65789032, '', 'Eco', 'Fresh', 'AR', '26/06/2020', 3.3),
(635, 76890143, '', 'Eco', 'Fresh', 'GA', '09/06/2020', 2.8),
(636, 87901254, '', 'Ma', 'Fresh', 'ZA', '22/06/2020', 1.9),
(637, 89012356, '', 'Info', 'Fresh', 'KE', '09/06/2020', 3.4),
(638, 90123467, '', 'Info', 'Fresh', 'TO', '13/06/2020', 2),
(639, 10234577, '', 'Ma', 'Fresh', 'MN', '21/06/2020', 2.8),
(640, 21345688, '', 'Tech', 'Fresh', 'KEB', '18/06/2020', 3.4),
(641, 32456799, '', 'Sci', 'Fresh', 'TU', '06/06/2020', 3.7),
(642, 43567811, '', 'Eco', 'Fresh', 'MN', '09/06/2020', 1.7),
(643, 54678922, '', 'Eco', 'Fresh', 'NB', '12/06/2020', 2),
(644, 65789033, '', 'Info', 'Fresh', 'KS', '13/06/2020', 2.1),
(645, 76890144, '', 'Sci', 'Fresh', 'TA', '18/06/2020', 3.8),
(646, 87901255, '', 'Tech', 'Fresh', 'KA', '04/06/2020', 2.1),
(647, 89012357, '', 'Sci', 'Fresh', 'ME', '16/06/2020', 3.4),
(648, 90123468, '', 'Tech', 'Fresh', 'JE', '07/06/2020', 3.6),
(649, 10234578, '', 'Info', 'Fresh', 'BI', '11/06/2020', 3.3),
(650, 21345689, '', 'Info', 'Fresh', 'SI', '06/06/2020', 2.1),
(651, 32456800, '', 'Info', 'Fresh', 'JE', '06/06/2020', 3.1),
(652, 43567812, '', 'Eco', 'Fresh', 'KA', '13/06/2020', 3.8),
(653, 54678923, '', 'Ma', 'Fresh', 'AR', '07/06/2020', 2.1),
(654, 65789034, '', 'Ma', 'Fresh', 'SB', '11/06/2020', 3.4),
(655, 76890145, '', 'Eco', 'Fresh', 'ZA', '29/06/2020', 2.9),
(656, 87901256, '', 'Eco', 'Fresh', 'ME', '28/06/2020', 2.7),
(657, 89012358, '', 'Eco', 'Fresh', 'SB', '09/06/2020', 1.7),
(658, 90123469, '', 'Ma', 'Fresh', 'SF', '15/06/2020', 2),
(659, 12345678, '', 'Ma', 'Fresh', 'SI', '29/06/2020', 2.3),
(660, 23456789, '', 'Ma', 'Fresh', 'TU', '08/06/2020', 1.9),
(661, 34567890, '', 'Ma', 'Fresh', 'TO', '15/06/2020', 3.8),
(662, 45678901, '', 'Ma', 'Fresh', 'MN', '20/06/2020', 2.6),
(663, 56789012, '', 'Sci', 'Fresh', 'KE', '01/06/2020', 1.5),
(664, 67890123, '', 'Ma', 'Fresh', 'SO', '28/06/2020', 2.9),
(665, 78901234, '', 'Ma', 'Fresh', 'BA', '13/06/2020', 3),
(666, 89012345, '', 'Ma', 'Fresh', 'SF', '07/06/2020', 2.9),
(667, 90123456, '', 'Ma', 'Fresh', 'SF', '02/06/2020', 3.2),
(668, 10234567, '', 'Sci', 'Fresh', 'BE', '01/06/2020', 1.7),
(669, 21345678, '', 'Ma', 'Fresh', 'NB', '27/06/2020', 1.7),
(670, 32456789, '', 'Ma', 'Fresh', 'MO', '19/06/2020', 3.9),
(671, 43567890, '', 'Ma', 'Fresh', 'BI', '13/06/2020', 3.6),
(672, 54678901, '', 'Eco', 'Fresh', 'TO', '27/06/2020', 3.3),
(673, 65789012, '', 'Info', 'Fresh', 'KS', '23/06/2020', 3.9),
(674, 76890123, '', 'Sci', 'Fresh', 'TU', '04/06/2020', 2),
(675, 87901234, '', 'Eco', 'Fresh', 'BA', '23/06/2020', 3.5),
(676, 89012346, '', 'Tech', 'Fresh', 'BI', '19/06/2020', 2.5),
(677, 90123457, '', 'Sci', 'Fresh', 'SI', '26/06/2020', 1.8),
(678, 12345679, '', 'Eco', 'Fresh', 'AR', '11/06/2020', 3.6),
(679, 23456780, '', 'Eco', 'Fresh', 'SB', '16/06/2020', 1.9),
(680, 34567891, '', 'Eco', 'Fresh', 'JE', '04/06/2020', 2.4),
(681, 45678902, '', 'Eco', 'Fresh', 'TA', '23/06/2020', 2.1),
(682, 56789013, '', 'Ma', 'Fresh', 'KEB', '05/06/2020', 1.7),
(683, 67890124, '', 'Info', 'Fresh', 'SO', '26/06/2020', 1.7),
(684, 78901235, '', 'Eco', 'Fresh', 'GA', '20/06/2020', 1.6),
(685, 89012347, '', 'Eco', 'Fresh', 'ZA', '21/06/2020', 3.4),
(686, 90123458, '', 'Eco', 'Fresh', 'MA', '20/06/2020', 3.3),
(687, 10234568, '', 'Ma', 'Fresh', 'ME', '25/06/2020', 2),
(688, 21345679, '', 'Ma', 'Fresh', 'TU', '28/06/2020', 2.9),
(689, 32456780, '', 'Ma', 'Fresh', 'AR', '06/06/2020', 3.4),
(690, 43567892, '', 'Eco', 'Fresh', 'BA', '05/06/2020', 2.1),
(691, 54678903, '', 'Info', 'Fresh', 'KS', '10/06/2020', 2.5),
(692, 65789014, '', 'Info', 'Fresh', 'KA', '27/06/2020', 1.6),
(693, 76890125, '', 'Sci', 'Fresh', 'SF', '08/06/2020', 2.2),
(694, 87901236, '', 'Ma', 'Fresh', 'JE', '14/06/2020', 1.9),
(695, 89012348, '', 'Sci', 'Fresh', 'ZA', '27/06/2020', 2.5),
(696, 90123459, '', 'Eco', 'Fresh', 'TA', '16/06/2020', 1.5),
(697, 10234569, '', 'Ma', 'Fresh', 'SI', '02/06/2020', 3),
(698, 21345680, '', 'Info', 'Fresh', 'MA', '04/06/2020', 3.9),
(699, 32456791, '', 'Eco', 'Fresh', 'SF', '16/06/2020', 3),
(700, 43567803, '', 'Ma', 'Fresh', 'KS', '20/06/2020', 3.2),
(701, 54678914, '', 'Info', 'Fresh', 'BI', '04/06/2020', 1.9),
(702, 65789025, '', 'Info', 'Fresh', 'BE', '24/06/2020', 3.4),
(703, 76890136, '', 'Sci', 'Fresh', 'SO', '09/06/2020', 1.6),
(704, 87901247, '', 'Eco', 'Fresh', 'ZA', '22/06/2020', 3.8),
(705, 89012349, '', 'Ma', 'Fresh', 'JE', '07/06/2020', 1.7),
(706, 90123460, '', 'Eco', 'Fresh', 'MN', '27/06/2020', 2.6),
(707, 10234570, '', 'Eco', 'Fresh', 'MA', '05/06/2020', 3),
(708, 21345681, '', 'Eco', 'Fresh', 'TO', '17/06/2020', 2.8),
(709, 32456792, '', 'Info', 'Fresh', 'KE', '08/06/2020', 3.2),
(710, 43567804, '', 'Ma', 'Fresh', 'JE', '26/06/2020', 2.3),
(711, 54678915, '', 'Tech', 'Fresh', 'GA', '01/06/2020', 2.2),
(712, 65789026, '', 'Eco', 'Fresh', 'JE', '03/06/2020', 3.2),
(713, 76890137, '', 'Sci', 'Fresh', 'BI', '08/06/2020', 1.5),
(714, 87901248, '', 'Eco', 'Fresh', 'JE', '19/06/2020', 2.4),
(715, 89012350, '', 'Sci', 'Fresh', 'SO', '21/06/2020', 3.5),
(716, 90123461, '', 'Eco', 'Fresh', 'BI', '08/06/2020', 3.2),
(717, 10234571, '', 'Eco', 'Fresh', 'BI', '03/06/2020', 1.9),
(718, 21345682, '', 'Tech', 'Fresh', 'JE', '07/06/2020', 3.2),
(719, 32456793, '', 'Ma', 'Fresh', 'KS', '01/06/2020', 3.7),
(720, 43567805, '', 'Eco', 'Fresh', 'TO', '16/06/2020', 2.5),
(721, 90123470, '', 'Ma', 'Fresh', 'SB', '24/06/2021', 3.9),
(722, 10234579, '', 'Eco', 'Fresh', 'MA', '11/06/2021', 1.9),
(723, 21345690, '', 'Eco', 'Fresh', 'TU', '17/06/2021', 2.8),
(724, 32456801, '', 'Eco', 'Fresh', 'JE', '10/06/2021', 2.5),
(725, 43567813, '', 'Tech', 'Fresh', 'BE', '18/06/2021', 1.9),
(726, 54678924, '', 'Info', 'Fresh', 'AR', '07/06/2021', 2.4),
(727, 65789035, '', 'Ma', 'Fresh', 'NB', '12/06/2021', 2.3),
(728, 76890146, '', 'Ma', 'Fresh', 'AR', '19/06/2021', 3.3),
(729, 87901257, '', 'Sci', 'Fresh', 'MO', '08/06/2021', 1.5),
(730, 89012359, '', 'Eco', 'Fresh', 'BI', '09/06/2021', 1.6),
(731, 90123471, '', 'Ma', 'Fresh', 'TU', '23/06/2021', 3.9),
(732, 10234580, '', 'Ma', 'Fresh', 'BE', '14/06/2021', 1.8),
(733, 21345691, '', 'Ma', 'Fresh', 'ZA', '27/06/2021', 3.2),
(734, 32456802, '', 'Eco', 'Fresh', 'AR', '26/06/2021', 2.9),
(735, 43567814, '', 'Info', 'Fresh', 'KA', '23/06/2021', 2.9),
(736, 54678925, '', 'Sci', 'Fresh', 'GA', '03/06/2021', 2.5),
(737, 65789036, '', 'Info', 'Fresh', 'SO', '08/06/2021', 3.7),
(738, 76890147, '', 'Info', 'Fresh', 'KE', '08/06/2021', 3.3),
(739, 87901258, '', 'Sci', 'Fresh', 'ZA', '11/06/2021', 1.6),
(740, 89012360, '', 'Eco', 'Fresh', 'SB', '13/06/2021', 1.9),
(741, 90123472, '', 'Ma', 'Fresh', 'KE', '10/06/2021', 2.4),
(742, 10234581, '', 'Eco', 'Fresh', 'SF', '11/06/2021', 1.9),
(743, 21345692, '', 'Ma', 'Fresh', 'SB', '25/06/2021', 2),
(744, 32456803, '', 'Ma', 'Fresh', 'MN', '15/06/2021', 2.4),
(745, 43567815, '', 'Ma', 'Fresh', 'BI', '20/06/2021', 3.9),
(746, 54678926, '', 'Eco', 'Fresh', 'KE', '04/06/2021', 2.2),
(747, 65789037, '', 'Ma', 'Fresh', 'TU', '17/06/2021', 3.4),
(748, 76890148, '', 'Tech', 'Fresh', 'BE', '05/06/2021', 3.5),
(749, 87901259, '', 'Info', 'Fresh', 'MO', '29/06/2021', 3.1),
(750, 89012361, '', 'Ma', 'Fresh', 'BE', '17/06/2021', 2.9),
(751, 90123473, '', 'Ma', 'Fresh', 'MN', '18/06/2021', 2.8),
(752, 10234582, '', 'Sci', 'Fresh', 'BA', '11/06/2021', 3.7),
(753, 21345693, '', 'Eco', 'Fresh', 'BI', '18/06/2021', 2.4),
(754, 32456804, '', 'Tech', 'Fresh', 'TU', '05/06/2021', 3.4),
(755, 43567816, '', 'Tech', 'Fresh', 'SO', '11/06/2021', 1.6),
(756, 54678927, '', 'Tech', 'Fresh', 'TA', '15/06/2021', 1.8),
(757, 65789038, '', 'Info', 'Fresh', 'KS', '26/06/2021', 3),
(758, 76890149, '', 'Ma', 'Fresh', 'ME', '16/06/2021', 1.9),
(759, 87901260, '', 'Ma', 'Fresh', 'KA', '06/06/2021', 2.5),
(760, 89012362, '', 'Sci', 'Fresh', 'NB', '17/06/2021', 1.9),
(761, 90123474, '', 'Eco', 'Fresh', 'TA', '14/06/2021', 3.8),
(762, 10234583, '', 'Info', 'Fresh', 'AR', '20/06/2021', 3.1),
(763, 21345694, '', 'Tech', 'Fresh', 'GA', '19/06/2021', 3.2),
(764, 32456805, '', 'Info', 'Fresh', 'NB', '28/06/2021', 2.8),
(765, 43567817, '', 'Info', 'Fresh', 'BA', '18/06/2021', 3.8),
(766, 54678928, '', 'Info', 'Fresh', 'SO', '02/06/2021', 2.6),
(767, 65789039, '', 'Eco', 'Fresh', 'SB', '03/06/2021', 2.3),
(768, 76890150, '', 'Ma', 'Fresh', 'TA', '15/06/2021', 2.6),
(769, 87901261, '', 'Ma', 'Fresh', 'TU', '27/06/2021', 3.3),
(770, 89012363, '', 'Eco', 'Fresh', 'AR', '27/06/2021', 1.5),
(771, 90123475, '', 'Eco', 'Fresh', 'KA', '16/06/2021', 3.2),
(772, 10234584, '', 'Info', 'Fresh', 'BA', '01/06/2021', 2.2),
(773, 21345695, '', 'Info', 'Fresh', 'ME', '27/06/2021', 2.4),
(774, 32456806, '', 'Sci', 'Fresh', 'MA', '24/06/2021', 3.6),
(775, 43567818, '', 'Ma', 'Fresh', 'BE', '11/06/2021', 2.1),
(776, 54678929, '', 'Info', 'Fresh', 'AR', '27/06/2021', 2.2),
(777, 65789040, '', 'Eco', 'Fresh', 'TU', '09/06/2021', 3.9),
(778, 76890151, '', 'Sci', 'Fresh', 'KE', '16/06/2021', 2.5),
(779, 87901262, '', 'Tech', 'Fresh', 'BE', '25/06/2021', 2),
(780, 89012364, '', 'Info', 'Fresh', 'MO', '17/06/2021', 2.9),
(781, 90123476, '', 'Eco', 'Fresh', 'SO', '29/06/2021', 3.2),
(782, 10234585, '', 'Ma', 'Fresh', 'BE', '06/06/2021', 2.8),
(783, 21345696, '', 'Tech', 'Fresh', 'SF', '09/06/2021', 1.5),
(784, 32456807, '', 'Eco', 'Fresh', 'ME', '18/06/2021', 1.8),
(785, 43567819, '', 'Sci', 'Fresh', 'AR', '15/06/2021', 3.2),
(786, 54678930, '', 'Eco', 'Fresh', 'ME', '02/06/2021', 1.6),
(787, 65789041, '', 'Sci', 'Fresh', 'TU', '19/06/2021', 2),
(788, 76890152, '', 'Eco', 'Fresh', 'MA', '01/06/2021', 1.8),
(789, 87901263, '', 'Eco', 'Fresh', 'ZA', '16/06/2021', 1.6),
(790, 89012365, '', 'Info', 'Fresh', 'MN', '17/06/2021', 1.8),
(791, 90123477, '', 'Ma', 'Fresh', 'SI', '12/06/2021', 3.9),
(792, 10234586, '', 'Tech', 'Fresh', 'KE', '02/06/2021', 2),
(793, 21345697, '', 'Eco', 'Fresh', 'SO', '08/06/2021', 2.9),
(794, 32456808, '', 'Ma', 'Fresh', 'SF', '13/06/2021', 1.8),
(795, 43567820, '', 'Info', 'Fresh', 'MA', '24/06/2021', 2.4),
(796, 54678931, '', 'Eco', 'Fresh', 'TA', '07/06/2021', 2.4),
(797, 65789042, '', 'Sci', 'Fresh', 'BA', '20/06/2021', 3.3),
(798, 76890153, '', 'Ma', 'Fresh', 'ZA', '23/06/2021', 1.5),
(799, 87901264, '', 'Info', 'Fresh', 'TU', '28/06/2021', 1.7),
(800, 89012366, '', 'Eco', 'Fresh', 'ZA', '29/06/2021', 2.7),
(801, 90123478, '', 'Info', 'Fresh', 'KA', '16/06/2021', 3.6),
(802, 10234587, '', 'Info', 'Fresh', 'JE', '14/06/2021', 2.6),
(803, 21345698, '', 'Sci', 'Fresh', 'AR', '28/06/2021', 3.1),
(804, 32456809, '', 'Eco', 'Fresh', 'NB', '02/06/2021', 2.3),
(805, 43567821, '', 'Ma', 'Fresh', 'SO', '10/06/2021', 2.1),
(806, 54678932, '', 'Eco', 'Fresh', 'JE', '12/06/2021', 3.8),
(807, 65789043, '', 'Eco', 'Fresh', 'KE', '16/06/2021', 2.4),
(808, 76890154, '', 'Eco', 'Fresh', 'SF', '14/06/2021', 2.6),
(809, 87901265, '', 'Info', 'Fresh', 'BI', '19/06/2021', 2.1),
(810, 89012367, '', 'Ma', 'Fresh', 'MN', '26/06/2021', 2.8),
(811, 90123479, '', 'Tech', 'Fresh', 'BA', '09/06/2021', 1.5),
(812, 10234588, '', 'Eco', 'Fresh', 'TU', '17/06/2021', 2.4),
(813, 21345699, '', 'Sci', 'Fresh', 'MN', '11/06/2021', 3.7),
(814, 32456810, '', 'Eco', 'Fresh', 'ME', '26/06/2021', 3),
(815, 43567822, '', 'Sci', 'Fresh', 'TU', '03/06/2021', 2.6);
INSERT INTO `fact_table_student_performance` (`id`, `student_id`, `spec_id`, `bac_id`, `level_id`, `state_id`, `date_id`, `GPA`) VALUES
(816, 54678933, '', 'Eco', 'Fresh', 'SF', '24/06/2021', 2),
(817, 65789044, '', 'Eco', 'Fresh', 'MA', '13/06/2021', 3),
(818, 76890155, '', 'Tech', 'Fresh', 'TO', '13/06/2021', 1.8),
(819, 87901266, '', 'Info', 'Fresh', 'BA', '05/06/2021', 3),
(820, 89012368, '', 'Ma', 'Fresh', 'MN', '07/06/2021', 3.8),
(821, 90123480, '', 'Ma', 'Fresh', 'TA', '14/06/2021', 2.2),
(822, 10234589, '', 'Info', 'Fresh', 'TO', '26/06/2021', 2.5),
(823, 21345700, '', 'Info', 'Fresh', 'SI', '18/06/2021', 3.1),
(824, 32456811, '', 'Sci', 'Fresh', 'TU', '23/06/2021', 2.1),
(825, 43567823, '', 'Ma', 'Fresh', 'BA', '01/06/2021', 1.7),
(826, 54678934, '', 'Tech', 'Fresh', 'BA', '15/06/2021', 1.9),
(827, 65789045, '', 'Info', 'Fresh', 'NB', '08/06/2021', 3.8),
(828, 76890156, '', 'Sci', 'Fresh', 'SO', '29/06/2021', 1.9),
(829, 87901267, '', 'Tech', 'Fresh', 'AR', '19/06/2021', 3.1),
(830, 89012369, '', 'Tech', 'Fresh', 'NB', '24/06/2021', 3.1),
(831, 90123481, '', 'Info', 'Fresh', 'BA', '17/06/2021', 2.3),
(832, 10234590, '', 'Info', 'Fresh', 'NB', '23/06/2021', 2.7),
(833, 21345701, '', 'Info', 'Fresh', 'SO', '07/06/2021', 1.6),
(834, 32456812, '', 'Eco', 'Fresh', 'ME', '28/06/2021', 2.1),
(835, 43567824, '', 'Ma', 'Fresh', 'JE', '06/06/2021', 3.6),
(836, 54678935, '', 'Ma', 'Fresh', 'MO', '22/06/2021', 3.8),
(837, 65789046, '', 'Eco', 'Fresh', 'MN', '24/06/2021', 3.2),
(838, 76890157, '', 'Eco', 'Fresh', 'ME', '12/06/2021', 3.3),
(839, 87901268, '', 'Eco', 'Fresh', 'NB', '22/06/2021', 3.4),
(840, 89012370, '', 'Ma', 'Fresh', 'KS', '03/06/2021', 3),
(841, 90123482, '', 'Ma', 'Fresh', 'SI', '17/06/2021', 2.2),
(842, 10234591, '', 'Ma', 'Fresh', 'BA', '25/06/2021', 3.8),
(843, 21345702, '', 'Eco', 'Fresh', 'KE', '10/06/2021', 3.6),
(844, 32456813, '', 'Info', 'Fresh', 'SI', '22/06/2021', 3.6),
(845, 43567825, '', 'Sci', 'Fresh', 'MO', '16/06/2021', 1.8),
(846, 54678936, '', 'Ma', 'Fresh', 'KS', '06/06/2021', 2.2),
(847, 65789047, '', 'Ma', 'Fresh', 'ZA', '12/06/2021', 3.6),
(848, 76890158, '', 'Ma', 'Fresh', 'SI', '07/06/2021', 2.4),
(849, 87901269, '', 'Eco', 'Fresh', 'BI', '05/06/2021', 3.5),
(850, 89012371, '', 'Tech', 'Fresh', 'BA', '07/06/2021', 3.2),
(851, 90123483, '', 'Eco', 'Fresh', 'MA', '06/06/2021', 1.7),
(852, 10234592, '', 'Tech', 'Fresh', 'TU', '04/06/2021', 3.7),
(853, 21345703, '', 'Sci', 'Fresh', 'ME', '29/06/2021', 1.8),
(854, 32456814, '', 'Eco', 'Fresh', 'TO', '23/06/2021', 2.2),
(855, 43567826, '', 'Ma', 'Fresh', 'BA', '25/06/2021', 1.9),
(856, 54678937, '', 'Info', 'Fresh', 'SF', '13/06/2021', 3.5),
(857, 65789048, '', 'Eco', 'Fresh', 'MA', '01/06/2021', 2.7),
(858, 76890159, '', 'Tech', 'Fresh', 'BE', '24/06/2021', 3.9),
(859, 87901270, '', 'Tech', 'Fresh', 'MN', '12/06/2021', 2.2),
(860, 89012372, '', 'Info', 'Fresh', 'MN', '12/06/2021', 2.6),
(861, 90123484, '', 'Ma', 'Fresh', 'MA', '17/06/2021', 3.6),
(862, 10234593, '', 'Ma', 'Fresh', 'ZA', '13/06/2021', 3),
(863, 21345704, '', 'Tech', 'Fresh', 'MO', '10/06/2021', 3),
(864, 32456815, '', 'Eco', 'Fresh', 'ME', '11/06/2021', 3.8),
(865, 43567827, '', 'Info', 'Fresh', 'JE', '14/06/2021', 3.7),
(866, 54678938, '', 'Tech', 'Fresh', 'SI', '03/06/2021', 3.6),
(867, 65789049, '', 'Ma', 'Fresh', 'SO', '16/06/2021', 3.2),
(868, 76890160, '', 'Eco', 'Fresh', 'GA', '09/06/2021', 2.8),
(869, 87901271, '', 'Sci', 'Fresh', 'NB', '07/06/2021', 2),
(870, 89012373, '', 'Tech', 'Fresh', 'SB', '18/06/2021', 2.1),
(871, 90123485, '', 'Ma', 'Fresh', 'KEB', '04/06/2021', 2.3),
(872, 90123470, '', 'Eco', 'Fresh', 'SO', '28/06/2021', 3.8),
(873, 10234579, '', 'Sci', 'Fresh', 'NB', '24/06/2021', 3.7),
(874, 21345690, '', 'Ma', 'Fresh', 'SI', '26/06/2021', 1.8),
(875, 32456801, '', 'Ma', 'Fresh', 'SF', '09/06/2021', 1.7),
(876, 43567813, '', 'Info', 'Fresh', 'TU', '25/06/2021', 2.2),
(877, 54678924, '', 'Eco', 'Fresh', 'GA', '17/06/2021', 3.8),
(878, 65789035, '', 'Sci', 'Fresh', 'TO', '04/06/2021', 2.1),
(879, 76890146, '', 'Eco', 'Fresh', 'GA', '05/06/2021', 1.8),
(880, 87901257, '', 'Eco', 'Fresh', 'BE', '11/06/2021', 3.6),
(881, 89012359, '', 'Eco', 'Fresh', 'TU', '12/06/2021', 2.9),
(882, 90123471, '', 'Info', 'Fresh', 'JE', '16/06/2021', 3.8),
(883, 10234580, '', 'Ma', 'Fresh', 'MO', '23/06/2021', 2.5),
(884, 21345691, '', 'Tech', 'Fresh', 'SI', '05/06/2021', 1.6),
(885, 32456802, '', 'Eco', 'Fresh', 'BE', '01/06/2021', 2.2),
(886, 43567814, '', 'Sci', 'Fresh', 'AR', '02/06/2021', 3.1),
(887, 54678925, '', 'Eco', 'Fresh', 'BE', '10/06/2021', 3.1),
(888, 65789036, '', 'Sci', 'Fresh', 'TU', '19/06/2021', 3.1),
(889, 76890147, '', 'Eco', 'Fresh', 'GA', '07/06/2021', 3.4),
(890, 87901258, '', 'Eco', 'Fresh', 'ZA', '16/06/2021', 2.8),
(891, 89012360, '', 'Tech', 'Fresh', 'SF', '15/06/2021', 3.9),
(892, 90123472, '', 'Info', 'Fresh', 'TU', '14/06/2021', 3.6),
(893, 10234581, '', 'Info', 'Fresh', 'ME', '08/06/2021', 3),
(894, 21345692, '', 'Ma', 'Fresh', 'TO', '02/06/2021', 1.9),
(895, 32456803, '', 'Tech', 'Fresh', 'NB', '04/06/2021', 3),
(896, 43567815, '', 'Sci', 'Fresh', 'NB', '08/06/2021', 2.9),
(897, 54678926, '', 'Eco', 'Fresh', 'SO', '17/06/2021', 2.3),
(898, 65789037, '', 'Tech', 'Fresh', 'KS', '05/06/2021', 3.8),
(899, 76890148, '', 'Ma', 'Fresh', 'MA', '08/06/2021', 3.7),
(900, 87901259, '', 'Tech', 'Fresh', 'SO', '26/06/2021', 3.3),
(901, 89012361, '', 'Eco', 'Fresh', 'ZA', '29/06/2021', 1.9),
(902, 90123473, '', 'Tech', 'Fresh', 'ZA', '06/06/2021', 1.7),
(903, 10234582, '', 'Ma', 'Fresh', 'MN', '14/06/2021', 3.5),
(904, 21345693, '', 'Ma', 'Fresh', 'KS', '01/06/2021', 2.8),
(905, 32456804, '', 'Eco', 'Fresh', 'MO', '08/06/2021', 1.5),
(906, 43567816, '', 'Info', 'Fresh', 'MO', '23/06/2021', 2.6),
(907, 54678927, '', 'Tech', 'Fresh', 'KE', '27/06/2021', 3.8),
(908, 65789038, '', 'Eco', 'Fresh', 'AR', '02/06/2021', 2.6),
(909, 76890149, '', 'Ma', 'Fresh', 'ME', '13/06/2021', 3.6),
(910, 87901260, '', 'Tech', 'Fresh', 'SO', '06/06/2021', 3.9),
(911, 89012362, '', 'Eco', 'Fresh', 'KEB', '25/06/2021', 3.1),
(912, 90123474, '', 'Eco', 'Fresh', 'AR', '09/06/2021', 3),
(913, 10234583, '', 'Eco', 'Fresh', 'MO', '25/06/2021', 3.8),
(914, 21345694, '', 'Eco', 'Fresh', 'KA', '14/06/2021', 2.8),
(915, 32456805, '', 'Info', 'Fresh', 'NB', '13/06/2021', 2.3),
(916, 43567817, '', 'Tech', 'Fresh', 'ME', '13/06/2021', 3.3),
(917, 54678928, '', 'Ma', 'Fresh', 'KE', '22/06/2021', 3),
(918, 65789039, '', 'Ma', 'Fresh', 'AR', '04/06/2021', 3.7),
(919, 76890150, '', 'Sci', 'Fresh', 'SI', '08/06/2021', 3.4),
(920, 87901261, '', 'Eco', 'Fresh', 'KA', '02/06/2021', 2.5),
(921, 123456789, '', 'Eco', 'Fresh', 'TO', '07/06/2022', 2.1),
(922, 234567890, '', 'Ma', 'Fresh', 'MO', '16/06/2022', 3.3),
(923, 345678901, '', 'Ma', 'Fresh', 'BA', '05/06/2022', 1.6),
(924, 456789012, '', 'Tech', 'Fresh', 'ME', '13/06/2022', 1.8),
(925, 567890123, '', 'Sci', 'Fresh', 'ZA', '16/06/2022', 2.1),
(926, 678901234, '', 'Sci', 'Fresh', 'TO', '12/06/2022', 3.8),
(927, 789012345, '', 'Sci', 'Fresh', 'TU', '28/06/2022', 3.3),
(928, 890123456, '', 'Eco', 'Fresh', 'BA', '18/06/2022', 1.8),
(929, 901234567, '', 'Ma', 'Fresh', 'GA', '14/06/2022', 1.7),
(930, 112233445, '', 'Tech', 'Fresh', 'JE', '05/06/2022', 2.7),
(931, 223344556, '', 'Eco', 'Fresh', 'KEB', '24/06/2022', 3.5),
(932, 334455667, '', 'Sci', 'Fresh', 'KA', '14/06/2022', 2.4),
(933, 445566778, '', 'Eco', 'Fresh', 'TO', '17/06/2022', 3.6),
(934, 556677889, '', 'Sci', 'Fresh', 'AR', '26/06/2022', 3.7),
(935, 667788990, '', 'Tech', 'Fresh', 'MN', '13/06/2022', 2.2),
(936, 778899001, '', 'Info', 'Fresh', 'ZA', '27/06/2022', 2),
(937, 889900112, '', 'Eco', 'Fresh', 'SF', '15/06/2022', 2.3),
(938, 990011223, '', 'Eco', 'Fresh', 'TO', '13/06/2022', 3),
(939, 111122334, '', 'Eco', 'Fresh', 'BE', '15/06/2022', 3),
(940, 222233445, '', 'Tech', 'Fresh', 'MO', '11/06/2022', 3.8),
(941, 333344556, '', 'Tech', 'Fresh', 'GA', '20/06/2022', 2.3),
(942, 444455667, '', 'Eco', 'Fresh', 'KEB', '04/06/2022', 3.6),
(943, 555566778, '', 'Eco', 'Fresh', 'JE', '05/06/2022', 3.2),
(944, 666677889, '', 'Eco', 'Fresh', 'BA', '20/06/2022', 3.7),
(945, 777788990, '', 'Ma', 'Fresh', 'AR', '11/06/2022', 3.2),
(946, 888899001, '', 'Ma', 'Fresh', 'TA', '26/06/2022', 3.5),
(947, 999900112, '', 'Eco', 'Fresh', 'SF', '11/06/2022', 2),
(948, 111100000, '', 'Ma', 'Fresh', 'ZA', '24/06/2022', 2.3),
(949, 222211111, '', 'Info', 'Fresh', 'MO', '29/06/2022', 3.8),
(950, 333322222, '', 'Ma', 'Fresh', 'SO', '04/06/2022', 3),
(951, 444433333, '', 'Info', 'Fresh', 'SF', '12/06/2022', 3.1),
(952, 555544444, '', 'Ma', 'Fresh', 'AR', '21/06/2022', 3.3),
(953, 666655555, '', 'Eco', 'Fresh', 'BE', '28/06/2022', 1.5),
(954, 777766666, '', 'Ma', 'Fresh', 'TA', '20/06/2022', 3.5),
(955, 888877777, '', 'Sci', 'Fresh', 'BI', '18/06/2022', 1.8),
(956, 999988888, '', 'Eco', 'Fresh', 'TU', '03/06/2022', 2.1),
(957, 100000000, '', 'Ma', 'Fresh', 'GA', '02/06/2022', 3.2),
(958, 211111111, '', 'Tech', 'Fresh', 'TA', '03/06/2022', 3.1),
(959, 322222222, '', 'Eco', 'Fresh', 'KE', '13/06/2022', 2.1),
(960, 433333333, '', 'Ma', 'Fresh', 'GA', '03/06/2022', 2.3),
(961, 544444444, '', 'Tech', 'Fresh', 'SB', '01/06/2022', 3.8),
(962, 655555555, '', 'Eco', 'Fresh', 'SF', '26/06/2022', 2.1),
(963, 766666666, '', 'Ma', 'Fresh', 'NB', '21/06/2022', 2.1),
(964, 877777777, '', 'Info', 'Fresh', 'KA', '20/06/2022', 3.3),
(965, 988888888, '', 'Eco', 'Fresh', 'KA', '09/06/2022', 2.4),
(966, 999000111, '', 'Ma', 'Fresh', 'SF', '09/06/2022', 1.8),
(967, 111122222, '', 'Eco', 'Fresh', 'KEB', '15/06/2022', 3.8),
(968, 222233333, '', 'Info', 'Fresh', 'NB', '04/06/2022', 3.9),
(969, 333344444, '', 'Ma', 'Fresh', 'MA', '05/06/2022', 1.8),
(970, 444455555, '', 'Eco', 'Fresh', 'MN', '12/06/2022', 3),
(971, 555566666, '', 'Tech', 'Fresh', 'SO', '14/06/2022', 2.3),
(972, 666677777, '', 'Ma', 'Fresh', 'TU', '27/06/2022', 1.7),
(973, 777788888, '', 'Tech', 'Fresh', 'TA', '23/06/2022', 3.5),
(974, 888899999, '', 'Ma', 'Fresh', 'NB', '21/06/2022', 3.8),
(975, 900011111, '', 'Sci', 'Fresh', 'MN', '12/06/2022', 2.9),
(976, 111122222, '', 'Tech', 'Fresh', 'MN', '14/06/2022', 3.1),
(977, 222233333, '', 'Tech', 'Fresh', 'BA', '11/06/2022', 2.1),
(978, 333344444, '', 'Info', 'Fresh', 'KEB', '01/06/2022', 2.9),
(979, 444455555, '', 'Eco', 'Fresh', 'KEB', '02/06/2022', 3.7),
(980, 555566666, '', 'Info', 'Fresh', 'SF', '01/06/2022', 2.7),
(981, 666677777, '', 'Eco', 'Fresh', 'KA', '16/06/2022', 2.3),
(982, 777788888, '', 'Ma', 'Fresh', 'TA', '25/06/2022', 3.5),
(983, 888899999, '', 'Eco', 'Fresh', 'GA', '19/06/2022', 3.3),
(984, 900011111, '', 'Eco', 'Fresh', 'SB', '01/06/2022', 3.7),
(985, 111122222, '', 'Info', 'Fresh', 'BI', '16/06/2022', 2.3),
(986, 222233333, '', 'Eco', 'Fresh', 'AR', '08/06/2022', 3),
(987, 333344444, '', 'Sci', 'Fresh', 'BA', '29/06/2022', 2),
(988, 444455555, '', 'Tech', 'Fresh', 'KEB', '18/06/2022', 1.5),
(989, 555566666, '', 'Eco', 'Fresh', 'GA', '28/06/2022', 3),
(990, 666677777, '', 'Info', 'Fresh', 'MA', '09/06/2022', 1.5),
(991, 777788888, '', 'Eco', 'Fresh', 'ZA', '29/06/2022', 3.9),
(992, 888899999, '', 'Eco', 'Fresh', 'TU', '24/06/2022', 3.5),
(993, 900011111, '', 'Ma', 'Fresh', 'MO', '19/06/2022', 1.6),
(994, 111122222, '', 'Tech', 'Fresh', 'MA', '09/06/2022', 3.3),
(995, 222233333, '', 'Info', 'Fresh', 'GA', '13/06/2022', 3.8),
(996, 333344444, '', 'Ma', 'Fresh', 'ME', '05/06/2022', 2.6),
(997, 444455555, '', 'Eco', 'Fresh', 'TO', '05/06/2022', 2.3),
(998, 555566666, '', 'Ma', 'Fresh', 'TU', '20/06/2022', 3.4),
(999, 666677777, '', 'Sci', 'Fresh', 'SI', '05/06/2022', 1.6),
(1000, 777788888, '', 'Tech', 'Fresh', 'TA', '29/06/2022', 1.5),
(1001, 888899999, '', 'Eco', 'Fresh', 'SO', '15/06/2022', 2),
(1002, 900011111, '', 'Sci', 'Fresh', 'GA', '12/06/2022', 2.4),
(1003, 111122222, '', 'Eco', 'Fresh', 'NB', '03/06/2022', 1.6),
(1004, 222233333, '', 'Tech', 'Fresh', 'SB', '08/06/2022', 2.2),
(1005, 333344444, '', 'Info', 'Fresh', 'KEB', '21/06/2022', 3.3),
(1006, 444455555, '', 'Eco', 'Fresh', 'SO', '25/06/2022', 1.7),
(1007, 555566666, '', 'Ma', 'Fresh', 'NB', '15/06/2022', 2.6),
(1008, 666677777, '', 'Ma', 'Fresh', 'SI', '17/06/2022', 2),
(1009, 777788888, '', 'Sci', 'Fresh', 'SF', '29/06/2022', 2),
(1010, 888899999, '', 'Info', 'Fresh', 'TU', '26/06/2022', 3.4),
(1011, 900011111, '', 'Eco', 'Fresh', 'GA', '13/06/2022', 2.1),
(1012, 111122222, '', 'Ma', 'Fresh', 'TO', '29/06/2022', 3),
(1013, 222233333, '', 'Info', 'Fresh', 'GA', '26/06/2022', 3.8),
(1014, 333344444, '', 'Eco', 'Fresh', 'BE', '23/06/2022', 2.6),
(1015, 444455555, '', 'Ma', 'Fresh', 'TU', '21/06/2022', 2.4),
(1016, 555566666, '', 'Ma', 'Fresh', 'JE', '14/06/2022', 1.8),
(1017, 666677777, '', 'Info', 'Fresh', 'MO', '09/06/2022', 2),
(1018, 777788888, '', 'Sci', 'Fresh', 'SI', '28/06/2022', 3.4),
(1019, 888899999, '', 'Ma', 'Fresh', 'BE', '06/06/2022', 3.7),
(1020, 900011111, '', 'Sci', 'Fresh', 'AR', '04/06/2022', 2.7),
(1021, 111122222, '', 'Sci', 'Fresh', 'BE', '17/06/2022', 1.5),
(1022, 222233333, '', 'Ma', 'Fresh', 'TU', '06/06/2022', 2.5),
(1023, 333344444, '', 'Eco', 'Fresh', 'GA', '21/06/2022', 3.6),
(1024, 444455555, '', 'Ma', 'Fresh', 'ZA', '01/06/2022', 2.4),
(1025, 555566666, '', 'Eco', 'Fresh', 'SF', '26/06/2022', 3.8),
(1026, 666677777, '', 'Sci', 'Fresh', 'TU', '04/06/2022', 2.4),
(1027, 777788888, '', 'Info', 'Fresh', 'ME', '05/06/2022', 3.3),
(1028, 888899999, '', 'Eco', 'Fresh', 'TO', '24/06/2022', 2.2),
(1029, 900011111, '', 'Tech', 'Fresh', 'NB', '10/06/2022', 1.9),
(1030, 111122222, '', 'Ma', 'Fresh', 'NB', '18/06/2022', 3.5),
(1031, 222233333, '', 'Sci', 'Fresh', 'SO', '29/06/2022', 2.1),
(1032, 333344444, '', 'Ma', 'Fresh', 'KS', '01/06/2022', 2.9),
(1033, 444455555, '', 'Sci', 'Fresh', 'MA', '05/06/2022', 1.8),
(1034, 555566666, '', 'Eco', 'Fresh', 'SO', '18/06/2022', 3.2),
(1035, 666677777, '', 'Ma', 'Fresh', 'ZA', '25/06/2022', 3.4),
(1036, 777788888, '', 'Eco', 'Fresh', 'ZA', '23/06/2022', 2),
(1037, 888899999, '', 'Ma', 'Fresh', 'MN', '27/06/2022', 2.2),
(1038, 900011111, '', 'Ma', 'Fresh', 'KS', '25/06/2022', 2.9),
(1039, 111122222, '', 'Info', 'Fresh', 'MO', '24/06/2022', 2.8),
(1040, 222233333, '', 'Eco', 'Fresh', 'MO', '07/06/2022', 3.9),
(1041, 333344444, '', 'Ma', 'Fresh', 'KE', '20/06/2022', 3.1),
(1042, 444455555, '', 'Ma', 'Fresh', 'AR', '02/06/2022', 2.9),
(1043, 555566666, '', 'Info', 'Fresh', 'ME', '09/06/2022', 2.4),
(1044, 666677777, '', 'Eco', 'Fresh', 'SO', '21/06/2022', 3.4),
(1045, 777788888, '', 'Ma', 'Fresh', 'KEB', '01/06/2022', 2.6),
(1046, 888899999, '', 'Eco', 'Fresh', 'AR', '06/06/2022', 2.8),
(1047, 900011111, '', 'Tech', 'Fresh', 'MO', '13/06/2022', 1.7),
(1048, 111122222, '', 'Ma', 'Fresh', 'KA', '29/06/2022', 2.3),
(1049, 222233333, '', 'Eco', 'Fresh', 'NB', '21/06/2022', 2.1),
(1050, 333344444, '', 'Eco', 'Fresh', 'ME', '14/06/2022', 2.9),
(1051, 444455555, '', 'Sci', 'Fresh', 'KE', '21/06/2022', 3.8),
(1052, 555566666, '', 'Ma', 'Fresh', 'AR', '25/06/2022', 3.2),
(1053, 666677777, '', 'Ma', 'Fresh', 'SI', '29/06/2022', 2.1),
(1054, 777788888, '', 'Eco', 'Fresh', 'KA', '29/06/2022', 3.8),
(1055, 888899999, '', 'Ma', 'Fresh', 'TO', '27/06/2022', 2.6),
(1056, 900011111, '', 'Tech', 'Fresh', 'MO', '05/06/2022', 2.9),
(1057, 111122222, '', 'Eco', 'Fresh', 'BA', '09/06/2022', 2.6),
(1058, 222233333, '', 'Info', 'Fresh', 'ME', '07/06/2022', 1.9),
(1059, 333344444, '', 'Eco', 'Fresh', 'ZA', '05/06/2022', 3.2),
(1060, 444455555, '', 'Ma', 'Fresh', 'TO', '15/06/2022', 2.9),
(1061, 555566666, '', 'Info', 'Fresh', 'TU', '20/06/2022', 3),
(1062, 666677777, '', 'Eco', 'Fresh', 'BA', '29/06/2022', 3.4),
(1063, 777788888, '', 'Info', 'Fresh', 'GA', '06/06/2022', 1.9),
(1064, 888899999, '', 'Eco', 'Fresh', 'JE', '25/06/2022', 1.8),
(1065, 900011111, '', 'Eco', 'Fresh', 'KEB', '16/06/2022', 2.2),
(1066, 111122222, '', 'Info', 'Fresh', 'KA', '24/06/2022', 3.1),
(1067, 222233333, '', 'Eco', 'Fresh', 'TO', '17/06/2022', 2.6),
(1068, 333344444, '', 'Eco', 'Fresh', 'AR', '17/06/2022', 3.2),
(1069, 444455555, '', 'Sci', 'Fresh', 'MN', '24/06/2022', 2.4),
(1070, 555566666, '', 'Tech', 'Fresh', 'ZA', '12/06/2022', 2),
(1071, 666677777, '', 'Sci', 'Fresh', 'SF', '09/06/2022', 2.7),
(1072, 777788888, '', 'Eco', 'Fresh', 'TO', '22/06/2022', 2.3),
(1073, 888899999, '', 'Tech', 'Fresh', 'BE', '10/06/2022', 2.7),
(1074, 900011111, '', 'Eco', 'Fresh', 'MO', '03/06/2022', 3),
(1075, 111122222, '', 'Ma', 'Fresh', 'GA', '26/06/2022', 1.7),
(1076, 222233333, '', 'Tech', 'Fresh', 'KEB', '08/06/2022', 3.8),
(1077, 333344444, '', 'Tech', 'Fresh', 'JE', '18/06/2022', 2.3),
(1078, 444455555, '', 'Eco', 'Fresh', 'BA', '07/06/2022', 1.7),
(1079, 555566666, '', 'Tech', 'Fresh', 'AR', '24/06/2022', 1.6),
(1080, 666564874, '', 'Ma', 'Fresh', 'TA', '03/06/2022', 2.9),
(1081, 123456789, '', 'Sci', 'Fresh', 'SF', '09/06/2022', 3.9),
(1082, 234567890, '', 'Info', 'Fresh', 'ZA', '27/06/2022', 1.9),
(1083, 345678901, '', 'Tech', 'Fresh', 'MO', '18/06/2022', 3.1),
(1084, 456789012, '', 'Tech', 'Fresh', 'SO', '04/06/2022', 1.9),
(1085, 567890123, '', 'Tech', 'Fresh', 'SF', '16/06/2022', 2.1),
(1086, 678901234, '', 'Ma', 'Fresh', 'AR', '28/06/2022', 3.5),
(1087, 789012345, '', 'Info', 'Fresh', 'BE', '25/06/2022', 2.8),
(1088, 890123456, '', 'Info', 'Fresh', 'TA', '25/06/2022', 2),
(1089, 901234567, '', 'Eco', 'Fresh', 'BI', '12/06/2022', 3.5),
(1090, 112233445, '', 'Eco', 'Fresh', 'TU', '06/06/2022', 3.5),
(1091, 223344556, '', 'Ma', 'Fresh', 'GA', '03/06/2022', 1.5),
(1092, 334455667, '', 'Ma', 'Fresh', 'TA', '07/06/2022', 2.1),
(1093, 445566778, '', 'Ma', 'Fresh', 'KE', '28/06/2022', 3.2),
(1094, 556677889, '', 'Eco', 'Fresh', 'GA', '22/06/2022', 1.7),
(1095, 667788990, '', 'Eco', 'Fresh', 'SB', '11/06/2022', 2.1),
(1096, 778899001, '', 'Info', 'Fresh', 'SF', '10/06/2022', 3.3),
(1097, 889900112, '', 'Tech', 'Fresh', 'NB', '27/06/2022', 2),
(1098, 990011223, '', 'Eco', 'Fresh', 'KA', '21/06/2022', 3.5),
(1099, 111122334, '', 'Eco', 'Fresh', 'KA', '09/06/2022', 3.7),
(1100, 222233445, '', 'Eco', 'Fresh', 'SF', '06/06/2022', 2.7),
(1101, 333344556, '', 'Ma', 'Fresh', 'KEB', '20/06/2022', 2.1),
(1102, 444455667, '', 'Sci', 'Fresh', 'NB', '13/06/2022', 2.1),
(1103, 555566778, '', 'Ma', 'Fresh', 'MA', '19/06/2022', 3.3),
(1104, 666677889, '', 'Info', 'Fresh', 'MN', '25/06/2022', 2.8),
(1105, 777788990, '', 'Eco', 'Fresh', 'SO', '07/06/2022', 3.7),
(1106, 888899001, '', 'Info', 'Fresh', 'TU', '18/06/2022', 2.3),
(1107, 999900112, '', 'Info', 'Fresh', 'TA', '18/06/2022', 3.9),
(1108, 111100000, '', 'Eco', 'Fresh', 'NB', '01/06/2022', 1.5),
(1109, 222211111, '', 'Ma', 'Fresh', 'MN', '09/06/2022', 2.5),
(1110, 333322222, '', 'Tech', 'Fresh', 'MN', '14/06/2022', 3.6),
(1111, 444433333, '', 'Ma', 'Fresh', 'BA', '18/06/2022', 3),
(1112, 555544444, '', 'Eco', 'Fresh', 'KEB', '29/06/2022', 3.1),
(1113, 666655555, '', 'Eco', 'Fresh', 'KEB', '01/06/2022', 3.4),
(1114, 777766666, '', 'Sci', 'Fresh', 'SF', '13/06/2022', 1.9),
(1115, 888877777, '', 'Eco', 'Fresh', 'KA', '06/06/2022', 1.9),
(1116, 999988888, '', 'Eco', 'Fresh', 'TA', '27/06/2022', 2.4),
(1117, 100000000, '', 'Sci', 'Fresh', 'GA', '01/06/2022', 2.7),
(1118, 211111111, '', 'Eco', 'Fresh', 'SB', '10/06/2022', 3.3),
(1119, 322222222, '', 'Eco', 'Fresh', 'BI', '12/06/2022', 2),
(1120, 433333333, '', 'Info', 'Fresh', 'AR', '26/06/2022', 1.8),
(1121, 7632451, '', 'Eco', 'Soph', 'BA', '25/06/2022', 2.9),
(1122, 9023145, '', 'Tech', 'Soph', 'KEB', '13/06/2022', 1.5),
(1123, 5184736, '', 'Ma', 'Soph', 'GA', '10/06/2022', 2),
(1124, 6948203, '', 'Ma', 'Soph', 'MA', '19/06/2022', 3.4),
(1125, 1278549, '', 'Eco', 'Soph', 'ZA', '14/06/2022', 3.1),
(1126, 6359872, '', 'Sci', 'Soph', 'TU', '06/06/2022', 3.8),
(1127, 3048752, '', 'Tech', 'Soph', 'MO', '09/06/2022', 3.3),
(1128, 8901245, '', 'Eco', 'Soph', 'MA', '26/06/2022', 2.5),
(1129, 4367890, '', 'Eco', 'Soph', 'GA', '02/06/2022', 2.2),
(1130, 5712348, '', 'Sci', 'Soph', 'ME', '13/06/2022', 3.3),
(1131, 9203841, '', 'Eco', 'Soph', 'TO', '10/06/2022', 1.8),
(1132, 6874301, '', 'Ma', 'Soph', 'TU', '21/06/2022', 3.1),
(1133, 2398567, '', 'Eco', 'Soph', 'SI', '07/06/2022', 2.7),
(1134, 8031742, '', 'Info', 'Soph', 'TA', '27/06/2022', 2.6),
(1135, 6152978, '', 'Ma', 'Soph', 'SO', '01/06/2022', 2.4),
(1136, 4920785, '', 'Ma', 'Soph', 'GA', '18/06/2022', 3.5),
(1137, 3562187, '', 'Ma', 'Soph', 'NB', '19/06/2022', 1.5),
(1138, 1248709, '', 'Sci', 'Soph', 'SB', '25/06/2022', 3.6),
(1139, 7890314, '', 'Ma', 'Soph', 'KEB', '14/06/2022', 3.6),
(1140, 5432981, '', 'Ma', 'Soph', 'SO', '17/06/2022', 3.3),
(1141, 1879650, '', 'Eco', 'Soph', 'NB', '01/06/2022', 2.3),
(1142, 9023841, '', 'Sci', 'Soph', 'SO', '21/06/2022', 3.2),
(1143, 4532168, '', 'Eco', 'Soph', 'GA', '28/06/2022', 2.2),
(1144, 6790832, '', 'Ma', 'Soph', 'NB', '03/06/2022', 3.4),
(1145, 2197654, '', 'Ma', 'Soph', 'SB', '25/06/2022', 3.1),
(1146, 5043128, '', 'Tech', 'Soph', 'KEB', '06/06/2022', 2),
(1147, 8657902, '', 'Info', 'Soph', 'SO', '09/06/2022', 2.5),
(1148, 3482107, '', 'Ma', 'Soph', 'NB', '28/06/2022', 3.8),
(1149, 7321984, '', 'Eco', 'Soph', 'SI', '28/06/2022', 2.5),
(1150, 6902431, '', 'Sci', 'Soph', 'SF', '06/06/2022', 3.8),
(1151, 1273458, '', 'Ma', 'Soph', 'TU', '23/06/2022', 1.9),
(1152, 5012398, '', 'Tech', 'Soph', 'GA', '18/06/2022', 1.5),
(1153, 8764302, '', 'Sci', 'Soph', 'TO', '20/06/2022', 1.7),
(1154, 2831749, '', 'Info', 'Soph', 'GA', '22/06/2022', 2.2),
(1155, 4678092, '', 'Ma', 'Soph', 'BE', '21/06/2022', 2.5),
(1156, 3142875, '', 'Ma', 'Soph', 'TU', '04/06/2022', 3.5),
(1157, 9587203, '', 'Eco', 'Soph', 'JE', '21/06/2022', 1.8),
(1158, 6218403, '', 'Ma', 'Soph', 'MO', '07/06/2022', 3.9),
(1159, 3842107, '', 'Tech', 'Soph', 'SI', '08/06/2022', 2.9),
(1160, 5987023, '', 'Eco', 'Soph', 'BE', '09/06/2022', 2.5),
(1161, 1934875, '', 'Ma', 'Soph', 'AR', '02/06/2022', 3.7),
(1162, 8723416, '', 'Eco', 'Soph', 'BE', '19/06/2022', 1.7),
(1163, 5062814, '', 'Sci', 'Soph', 'TU', '10/06/2022', 3.4),
(1164, 4398702, '', 'Info', 'Soph', 'GA', '11/06/2022', 1.7),
(1165, 6840312, '', 'Ma', 'Soph', 'ZA', '17/06/2022', 3.5),
(1166, 2751934, '', 'Eco', 'Soph', 'SF', '02/06/2022', 3.2),
(1167, 8436051, '', 'Eco', 'Soph', 'TU', '04/06/2022', 3.3),
(1168, 1693472, '', 'Eco', 'Soph', 'ME', '23/06/2022', 2.5),
(1169, 7203984, '', 'Eco', 'Soph', 'TO', '25/06/2022', 2.1),
(1170, 5846702, '', 'Tech', 'Soph', 'NB', '02/06/2022', 3.5),
(1171, 3921854, '', 'Ma', 'Soph', 'NB', '29/06/2022', 3.6),
(1172, 8307462, '', 'Ma', 'Soph', 'SO', '21/06/2022', 1.6),
(1173, 5478320, '', 'Eco', 'Soph', 'KS', '15/06/2022', 3.7),
(1174, 1083724, '', 'Info', 'Soph', 'MA', '17/06/2022', 2.5),
(1175, 6931748, '', 'Info', 'Soph', 'SO', '05/06/2022', 2.5),
(1176, 2158967, '', 'Eco', 'Soph', 'ZA', '03/06/2022', 3.5),
(1177, 4768302, '', 'Eco', 'Soph', 'ZA', '10/06/2022', 2.6),
(1178, 9283451, '', 'Eco', 'Soph', 'MN', '05/06/2022', 2.6),
(1179, 6345018, '', 'Tech', 'Soph', 'KS', '22/06/2022', 2.6),
(1180, 8014723, '', 'Tech', 'Soph', 'MO', '20/06/2022', 2.6),
(1181, 1298460, '', 'Eco', 'Soph', 'MO', '07/06/2022', 3.9),
(1182, 5673089, '', 'Sci', 'Soph', 'KE', '22/06/2022', 3.6),
(1183, 7432158, '', 'Eco', 'Soph', 'AR', '19/06/2022', 3.1),
(1184, 4820173, '', 'Info', 'Soph', 'ME', '07/06/2022', 2),
(1185, 6701934, '', 'Ma', 'Soph', 'SO', '15/06/2022', 3.7),
(1186, 3572409, '', 'Eco', 'Soph', 'KEB', '17/06/2022', 1.9),
(1187, 2140958, '', 'Ma', 'Soph', 'AR', '20/06/2022', 3.6),
(1188, 7892430, '', 'Eco', 'Soph', 'MO', '24/06/2022', 1.5),
(1189, 5301764, '', 'Tech', 'Soph', 'KA', '02/06/2022', 1.9),
(1190, 1624958, '', 'Eco', 'Soph', 'NB', '03/06/2022', 3),
(1191, 8750432, '', 'Sci', 'Soph', 'ME', '28/06/2022', 2.5),
(1192, 3148602, '', 'Info', 'Soph', 'KE', '03/06/2022', 2.9),
(1193, 9624703, '', 'Eco', 'Soph', 'AR', '01/06/2022', 2.3),
(1194, 4078132, '', 'Eco', 'Soph', 'SI', '10/06/2022', 3.4),
(1195, 5987041, '', 'Eco', 'Soph', 'KA', '27/06/2022', 3.5),
(1196, 2361584, '', 'Sci', 'Soph', 'TO', '08/06/2022', 2.9),
(1197, 7850342, '', 'Tech', 'Soph', 'MO', '02/06/2022', 3),
(1198, 4198760, '', 'Eco', 'Soph', 'BA', '13/06/2022', 2.9),
(1199, 6928341, '', 'Ma', 'Soph', 'ME', '08/06/2022', 3.7),
(1200, 1508927, '', 'Eco', 'Soph', 'ZA', '26/06/2022', 3.1),
(1201, 3482079, '', 'Ma', 'Soph', 'TO', '17/06/2022', 3.9),
(1202, 8703912, '', 'Eco', 'Soph', 'TU', '11/06/2022', 3.1),
(1203, 5019783, '', 'Ma', 'Soph', 'BA', '17/06/2022', 3.8),
(1204, 6270934, '', 'Tech', 'Soph', 'GA', '02/06/2022', 3.4),
(1205, 9352408, '', 'Eco', 'Soph', 'JE', '27/06/2022', 3),
(1206, 4678135, '', 'Tech', 'Soph', 'KEB', '20/06/2022', 3.1),
(1207, 2187650, '', 'Info', 'Soph', 'KA', '26/06/2022', 2.6),
(1208, 8032156, '', 'Sci', 'Soph', 'TO', '05/06/2022', 1.6),
(1209, 5946802, '', 'Info', 'Soph', 'AR', '28/06/2022', 2.2),
(1210, 3762148, '', 'Ma', 'Soph', 'MN', '11/06/2022', 3.1),
(1211, 1095843, '', 'Tech', 'Soph', 'ZA', '25/06/2022', 2.9),
(1212, 8650742, '', 'Ma', 'Soph', 'SF', '29/06/2022', 2.1),
(1213, 4297186, '', 'Tech', 'Soph', 'TO', '16/06/2022', 3.8),
(1214, 7850234, '', 'Eco', 'Soph', 'BE', '14/06/2022', 2.1),
(1215, 5134072, '', 'Ma', 'Soph', 'MO', '14/06/2022', 3.7),
(1216, 6901274, '', 'Sci', 'Soph', 'GA', '25/06/2022', 2.8),
(1217, 2475038, '', 'Tech', 'Soph', 'KEB', '27/06/2022', 1.9),
(1218, 8234951, '', 'Info', 'Soph', 'JE', '23/06/2022', 1.8),
(1219, 6012384, '', 'Tech', 'Soph', 'BA', '25/06/2022', 1.9),
(1220, 3840172, '', 'Ma', 'Soph', 'AR', '23/06/2022', 3.7),
(1221, 7590238, '', 'Tech', 'Soph', 'TA', '02/06/2022', 2.8),
(1222, 1684023, '', 'Ma', 'Soph', 'SF', '19/06/2022', 2.2),
(1223, 5024138, '', 'Eco', 'Soph', 'ZA', '09/06/2022', 3.2),
(1224, 9374812, '', 'Eco', 'Soph', 'MO', '28/06/2022', 1.8),
(1225, 3615892, '', 'Ma', 'Soph', 'SO', '27/06/2022', 3.4),
(1226, 7403128, '', 'Ma', 'Soph', 'SF', '13/06/2022', 1.5),
(1227, 2548093, '', 'Eco', 'Soph', 'AR', '24/06/2022', 2.3),
(1228, 6785031, '', 'Tech', 'Soph', 'BE', '01/06/2022', 2.4),
(1229, 4198650, '', 'Sci', 'Soph', 'TA', '23/06/2022', 3.2),
(1230, 9320841, '', 'Sci', 'Soph', 'BI', '06/06/2022', 3.5),
(1231, 5784203, '', 'Tech', 'Soph', 'TU', '04/06/2022', 2.3),
(1232, 3147980, '', 'Ma', 'Soph', 'GA', '12/06/2022', 2.7),
(1233, 6051789, '', 'Info', 'Soph', 'TA', '18/06/2022', 3.7),
(1234, 8214903, '', 'Eco', 'Soph', 'KE', '16/06/2022', 2.4),
(1235, 1490623, '', 'Ma', 'Soph', 'GA', '27/06/2022', 2.8),
(1236, 3870152, '', 'Eco', 'Soph', 'SB', '09/06/2022', 3.4),
(1237, 6948012, '', 'Ma', 'Soph', 'SF', '02/06/2022', 2.8),
(1238, 5032481, '', 'Eco', 'Soph', 'NB', '15/06/2022', 3.6),
(1239, 8762104, '', 'Ma', 'Soph', 'KA', '12/06/2022', 2),
(1240, 2358417, '', 'Ma', 'Soph', 'KA', '29/06/2022', 1.9),
(1241, 9810342, '', 'Eco', 'Soph', 'SF', '12/06/2022', 1.5),
(1242, 4685093, '', 'Ma', 'Soph', 'KEB', '07/06/2022', 1.6),
(1243, 7201634, '', 'Ma', 'Soph', 'NB', '19/06/2022', 2.8),
(1244, 2954780, '', 'Eco', 'Soph', 'MA', '05/06/2022', 3.8),
(1245, 6328401, '', 'Tech', 'Soph', 'MN', '01/06/2022', 2.1),
(1246, 8012543, '', 'Eco', 'Soph', 'SO', '26/06/2022', 2.5),
(1247, 1275834, '', 'Tech', 'Soph', 'TU', '20/06/2022', 3.4),
(1248, 5798142, '', 'Ma', 'Soph', 'TA', '03/06/2022', 3.5),
(1249, 3462108, '', 'Info', 'Soph', 'NB', '28/06/2022', 3.3),
(1250, 9038741, '', 'Eco', 'Soph', 'MN', '24/06/2022', 2.9),
(1251, 5189376, '', 'Eco', 'Soph', 'MN', '19/06/2022', 1.6),
(1252, 6248031, '', 'Ma', 'Soph', 'BA', '05/06/2022', 3.9),
(1253, 4598102, '', 'Ma', 'Soph', 'KEB', '29/06/2022', 3.2),
(1254, 7820134, '', 'Eco', 'Soph', 'KEB', '08/06/2022', 3),
(1255, 3152948, '', 'Ma', 'Soph', 'SF', '13/06/2022', 2.6),
(1256, 6784501, '', 'Eco', 'Soph', 'KA', '14/06/2022', 3.1),
(1257, 1934678, '', 'Ma', 'Soph', 'TA', '02/06/2022', 2.8),
(1258, 8420579, '', 'Eco', 'Soph', 'GA', '15/06/2022', 3.3),
(1259, 2378091, '', 'Ma', 'Soph', 'SB', '28/06/2022', 2.2),
(1260, 5062873, '', 'Ma', 'Soph', 'BI', '27/06/2022', 3.4),
(1261, 9813452, '', 'Ma', 'Soph', 'AR', '24/06/2022', 2.3),
(1262, 7462318, '', 'Ma', 'Soph', 'BA', '23/06/2022', 3),
(1263, 3208467, '', 'Info', 'Soph', 'KEB', '24/06/2022', 1.6),
(1264, 6951832, '', 'Info', 'Soph', 'GA', '21/06/2022', 2.7),
(1265, 8540923, '', 'Eco', 'Soph', 'MA', '16/06/2022', 2.8),
(1266, 1309874, '', 'Ma', 'Soph', 'ZA', '03/06/2022', 2.3),
(1267, 5870412, '', 'Tech', 'Soph', 'TU', '26/06/2022', 2.1),
(1268, 4037158, '', 'Info', 'Soph', 'MO', '16/06/2022', 2.4),
(1269, 2196357, '', 'Eco', 'Soph', 'MA', '28/06/2022', 2),
(1270, 6740923, '', 'Eco', 'Soph', 'GA', '26/06/2022', 2.6),
(1271, 1582974, '', 'Sci', 'Soph', 'ME', '25/06/2022', 2.2),
(1272, 8320761, '', 'Eco', 'Soph', 'TO', '05/06/2022', 1.8),
(1273, 5021483, '', 'Sci', 'Soph', 'TU', '13/06/2022', 2),
(1274, 9678134, '', 'Sci', 'Soph', 'SI', '27/06/2022', 2.2),
(1275, 4135862, '', 'Ma', 'Soph', 'TA', '01/06/2022', 1.7),
(1276, 7209348, '', 'Ma', 'Soph', 'SO', '23/06/2022', 1.7),
(1277, 6480912, '', 'Ma', 'Soph', 'GA', '13/06/2022', 3.6),
(1278, 3570928, '', 'Ma', 'Soph', 'NB', '05/06/2022', 3.4),
(1279, 2910834, '', 'Ma', 'Soph', 'SB', '06/06/2022', 1.5),
(1280, 5069723, '', 'Eco', 'Soph', 'KEB', '17/06/2022', 3.8),
(1281, 1832074, '', 'Eco', 'Soph', 'SO', '03/06/2022', 2.3),
(1282, 8903472, '', 'Tech', 'Soph', 'NB', '21/06/2022', 1.8),
(1283, 5432890, '', 'Ma', 'Soph', 'SO', '09/06/2022', 2.7),
(1284, 2673018, '', 'Sci', 'Soph', 'GA', '01/06/2022', 1.8),
(1285, 7589024, '', 'Eco', 'Soph', 'NB', '20/06/2022', 3.7),
(1286, 4295813, '', 'Tech', 'Soph', 'SB', '13/06/2022', 2.2),
(1287, 6942381, '', 'Tech', 'Soph', 'KEB', '01/06/2022', 2.8),
(1288, 5038721, '', 'Tech', 'Soph', 'SO', '08/06/2022', 2.9),
(1289, 8274013, '', 'Ma', 'Soph', 'NB', '15/06/2022', 3.8),
(1290, 1652398, '', 'Ma', 'Soph', 'SI', '16/06/2022', 3.2),
(1291, 9740831, '', 'Sci', 'Soph', 'SF', '22/06/2022', 2),
(1292, 7012548, '', 'Info', 'Soph', 'TU', '03/06/2022', 3.5),
(1293, 2354718, '', 'Eco', 'Soph', 'GA', '28/06/2022', 1.7),
(1294, 8091734, '', 'Ma', 'Soph', 'TO', '10/06/2022', 3.9),
(1295, 4568912, '', 'Eco', 'Soph', 'GA', '28/06/2022', 1.5),
(1296, 3742980, '', 'Ma', 'Soph', 'BE', '12/06/2022', 1.6),
(1297, 6921854, '', 'Info', 'Soph', 'TU', '01/06/2022', 1.9),
(1298, 8371420, '', 'Sci', 'Soph', 'JE', '20/06/2022', 3.3),
(1299, 1490853, '', 'Info', 'Soph', 'MO', '25/06/2022', 2.9),
(1300, 5870134, '', 'Eco', 'Soph', 'SI', '23/06/2022', 3.7),
(1301, 4280135, '', 'Tech', 'Soph', 'BE', '23/06/2022', 2.3),
(1302, 7650923, '', 'Tech', 'Soph', 'AR', '14/06/2022', 3.2),
(1303, 3021847, '', 'Eco', 'Soph', 'BE', '25/06/2022', 1.7),
(1304, 5190347, '', 'Info', 'Soph', 'TU', '26/06/2022', 2.9),
(1305, 6948301, '', 'Eco', 'Soph', 'GA', '29/06/2022', 2.7),
(1306, 8702193, '', 'Eco', 'Soph', 'ZA', '22/06/2022', 3.8),
(1307, 2137856, '', 'Eco', 'Soph', 'SF', '20/06/2022', 3.2),
(1308, 5082341, '', 'Eco', 'Soph', 'TU', '05/06/2022', 2.7),
(1309, 7942031, '', 'Eco', 'Soph', 'ME', '01/06/2022', 3.5),
(1310, 1563489, '', 'Info', 'Soph', 'TO', '26/06/2022', 3.9),
(1311, 6370412, '', 'Ma', 'Soph', 'NB', '23/06/2022', 1.6),
(1312, 8901257, '', 'Tech', 'Soph', 'NB', '26/06/2022', 2.9),
(1313, 4215098, '', 'Eco', 'Soph', 'SO', '24/06/2022', 2.3),
(1314, 9038172, '', 'Ma', 'Soph', 'KS', '21/06/2022', 3.1),
(1315, 1847502, '', 'Info', 'Soph', 'MA', '17/06/2022', 3.5),
(1316, 6582013, '', 'Eco', 'Soph', 'SO', '09/06/2022', 3.7),
(1317, 3421589, '', 'Eco', 'Soph', 'ZA', '21/06/2022', 3),
(1318, 9765023, '', 'Eco', 'Soph', 'ZA', '02/06/2022', 2.9),
(1319, 2801345, '', 'Tech', 'Soph', 'MN', '03/06/2022', 2.8),
(1320, 5948213, '', 'Eco', 'Soph', 'KS', '09/06/2022', 3.7);

-- --------------------------------------------------------

--
-- Table structure for table `level_dim`
--

CREATE TABLE `level_dim` (
  `level_id` varchar(10) NOT NULL,
  `description` varchar(50) DEFAULT NULL
) ENGINE=InnoDB DEFAULT CHARSET=utf8mb4 COLLATE=utf8mb4_general_ci;

--
-- Dumping data for table `level_dim`
--

INSERT INTO `level_dim` (`level_id`, `description`) VALUES
('fresh', 'freshman'),
('soph', 'sophomore'),
('spec', 'specialization');

-- --------------------------------------------------------

--
-- Table structure for table `specialization_dim`
--

CREATE TABLE `specialization_dim` (
  `spec_id` varchar(3) NOT NULL,
  `description` varchar(50) DEFAULT NULL
) ENGINE=InnoDB DEFAULT CHARSET=utf8mb4 COLLATE=utf8mb4_general_ci;

--
-- Dumping data for table `specialization_dim`
--

INSERT INTO `specialization_dim` (`spec_id`, `description`) VALUES
('', 'tronc commun'),
('Acc', 'Accounting'),
('BA', 'Business Analytics'),
('Fin', 'Finance'),
('IT', 'Information Technology'),
('MKT', 'Marketing');

-- --------------------------------------------------------

--
-- Table structure for table `state_dim`
--

CREATE TABLE `state_dim` (
  `state_id` varchar(5) NOT NULL,
  `description` varchar(50) DEFAULT NULL
) ENGINE=InnoDB DEFAULT CHARSET=utf8mb4 COLLATE=utf8mb4_general_ci;

--
-- Dumping data for table `state_dim`
--

INSERT INTO `state_dim` (`state_id`, `description`) VALUES
('AR', 'Ariana'),
('BA', 'Ben Arous'),
('BE', 'Bja'),
('BI', 'Bizerte'),
('GA', 'Gafsa'),
('JE', 'Jendouba'),
('KA', 'Kairouan'),
('KE', 'Kef'),
('KEB', 'Kebili'),
('KS', 'Kasserine'),
('MA', 'Mahdia'),
('ME', 'Medenine'),
('MN', 'Manouba'),
('MO', 'Monastir'),
('NB', 'Nabeul'),
('SB', 'Sidi Bouzid'),
('SF', 'Sfax'),
('SI', 'Siliana'),
('SO', 'Sousse'),
('TA', 'Tataouine'),
('TO', 'Tozeur'),
('TU', 'Tunis'),
('ZA', 'Zaghouan');

-- --------------------------------------------------------

--
-- Table structure for table `students_dim`
--

CREATE TABLE `students_dim` (
  `id` int(11) NOT NULL,
  `first_name` varchar(512) DEFAULT NULL,
  `last_name` varchar(512) DEFAULT NULL,
  `gender` varchar(512) DEFAULT NULL
) ENGINE=InnoDB DEFAULT CHARSET=utf8mb4 COLLATE=utf8mb4_general_ci;

--
-- Dumping data for table `students_dim`
--

INSERT INTO `students_dim` (`id`, `first_name`, `last_name`, `gender`) VALUES
(1083724, 'Adil', 'Derradji', 'F'),
(1095843, 'Khadidja', 'Guendouz', 'M'),
(1248709, 'Khadija', 'Ait Ali', 'F'),
(1273458, 'Abdelkader', 'Bensaid', 'M'),
(1275834, 'Salwa', 'Hadef', 'M'),
(1278549, 'Malik', 'Ait Kaci', 'M'),
(1298460, 'Samra', 'Benkoula', 'M'),
(1309874, 'Hakim', 'FALSE', 'F'),
(1490623, 'Yasmina', 'Guerfi', 'M'),
(1490853, 'Dalila', 'Terfaya', 'M'),
(1508927, 'Karim', 'Kellal', 'F'),
(1563489, 'Redouane', 'Tassili', 'F'),
(1582974, 'Ouarda', 'FALSE', 'M'),
(1624958, 'Nacer', 'FALSE', 'F'),
(1652398, 'Hafsa', 'Hadef', 'F'),
(1684023, 'Tarek', 'Benkaci', 'F'),
(1693472, 'Ilyes', 'Goumidi', 'F'),
(1832074, 'Said', 'Adjali', 'M'),
(1847502, 'Rania', 'Derkaoui', 'M'),
(1879650, 'Karim', 'Bensaada', 'M'),
(1934678, 'Rania', 'Tafat', 'M'),
(1934875, 'Djamel', 'Ziani', 'M'),
(2137856, 'Imene', 'Chibani', 'M'),
(2140958, 'Nadira', 'Kichou', 'M'),
(2158967, 'Hassen', 'Oussalah', 'F'),
(2187650, 'Samira', 'Bougara', 'M'),
(2196357, 'Nadia', 'Gueddouda', 'M'),
(2197654, 'Rachid', 'Bouhafs', 'M'),
(2354718, 'Abderrezak', 'Bougara', 'M'),
(2358417, 'Karim', 'Meradji', 'F'),
(2361584, 'Bilal', 'Mezouar', 'F'),
(2378091, 'Nadia', 'Boukhari', 'M'),
(2398567, 'Hichem', 'Belkheir', 'M'),
(2475038, 'Souhila', 'Bouhadi', 'M'),
(2548093, 'Meriem', 'Boukhalfa', 'M'),
(2673018, 'Imane', 'Boudechiche', 'F'),
(2751934, 'Amir', 'Belkhadem', 'F'),
(2801345, 'Kaoutar', 'Khelifi', 'M'),
(2831749, 'Farida', 'Ait Ziane', 'F'),
(2910834, 'Hicham', 'Kichou', 'M'),
(2954780, 'Khaled', 'Khalfallah', 'F'),
(3021847, 'Nawal', 'Bouhadi', 'M'),
(3048752, 'Sofiane', 'Ouali', 'M'),
(3142875, 'Rima', 'Boudiaf', 'F'),
(3147980, 'Hicham', 'Meziani', 'F'),
(3148602, 'Yassine', 'Boudechiche', 'F'),
(3152948, 'Hanifa', 'Bougrara', 'M'),
(3208467, 'Farida', 'Benchikh', 'M'),
(3421589, 'Hanane', 'Khalfallah', 'M'),
(3462108, 'Chahrazed', 'Derriche', 'M'),
(3482079, 'Samia', 'Bouzidi', 'M'),
(3482107, 'Samia', 'Bouaicha', 'F'),
(3562187, 'Youssef', 'Saadi', 'M'),
(3570928, 'Zohra', 'Guerfi', 'F'),
(3572409, 'Amir', 'Guerfi', 'F'),
(3615892, 'Lila', 'Boumedienne', 'M'),
(3742980, 'Mounir', 'Belkessa', 'F'),
(3762148, 'Mehdi', 'Belkessa', 'F'),
(3840172, 'Mourad', 'Benchikh', 'F'),
(3842107, 'Khaled', 'Boulares', 'M'),
(3870152, 'Kamal', 'Kichou', 'F'),
(3921854, 'Hiba', 'Tabet', 'M'),
(4037158, 'Samir', 'Boumedienne', 'F'),
(4078132, 'Khaled', 'Bessaoud', 'F'),
(4135862, 'Sofiane', 'Meziani', 'M'),
(4198650, 'Fadila', 'Derkaoui', 'M'),
(4198760, 'Abdou', 'Benyahia', 'F'),
(4215098, 'Yasmine', 'Boukhalfa', 'M'),
(4280135, 'Lina', 'Harbi', 'M'),
(4295813, 'Salma', 'Bessaoud', 'F'),
(4297186, 'Fadila', 'Terfaya', 'M'),
(4367890, 'Hamza', 'Amara', 'M'),
(4398702, 'Khadija', 'Benkaci', 'F'),
(4532168, 'Walid', 'Guermat', 'M'),
(4568912, 'Yassine', 'Hamza', 'M'),
(4598102, 'Nour', 'Belkessa', 'M'),
(4678092, 'Adel', 'Sadi', 'M'),
(4678135, 'Karim', 'Derriche', 'F'),
(4685093, 'Samir', 'Hammoudi', 'F'),
(4768302, 'Noura', 'Hamdadou', 'M'),
(4820173, 'Djamel', 'Berrahal', 'F'),
(4920785, 'Nadia', 'Zeroual', 'F'),
(5012398, 'Nour', 'Kaci', 'F'),
(5019783, 'Sana', 'Ferroukhi', 'M'),
(5021483, 'Samira', 'Terki', 'M'),
(5024138, 'Salima', 'FALSE', 'M'),
(5032481, 'Zaki', 'Adjali', 'F'),
(5038721, 'Samia', 'FALSE', 'F'),
(5043128, 'Soraya', 'Terkmani', 'F'),
(5062814, 'Riad', 'Boudalia', 'M'),
(5062873, 'Yazid', 'Bouhadi', 'F'),
(5069723, 'Widad', 'Tassili', 'F'),
(5082341, 'Samir', 'Benkaci', 'F'),
(5134072, 'Amel', 'Harbi', 'M'),
(5184736, 'Yasir', 'Boudjemaa', 'M'),
(5189376, 'Yousra', 'Mehennaoui', 'M'),
(5190347, 'Samir', 'Hamel', 'F'),
(5301764, 'Mouna', 'Adjali', 'M'),
(5432890, 'Hocine', 'Meradji', 'M'),
(5432981, 'Fatiha', 'Meziani', 'F'),
(5478320, 'Nawel', 'Allam', 'M'),
(5673089, 'Rachid', 'Zeghdoud', 'F'),
(5712348, 'Zahra', 'Meziane', 'F'),
(5784203, 'Lina', 'Khalfallah', 'M'),
(5798142, 'Amir', 'Khelifi', 'F'),
(5846702, 'Yacine', 'Salmi', 'F'),
(5870134, 'Moussa', 'Tafat', 'F'),
(5870412, 'Amira', 'Tassili', 'M'),
(5946802, 'Yousra', 'Hamza', 'M'),
(5948213, 'Abdelkrim', 'Boughedir', 'F'),
(5987023, 'Naima', 'Guerrouj', 'F'),
(5987041, 'Souad', 'Khalfallah', 'M'),
(6012384, 'Selma', 'Ziani', 'M'),
(6051789, 'Ghania', 'Khelifi', 'M'),
(6152978, 'Kamel', 'Boudjellal', 'M'),
(6218403, 'Nadira', 'Chibane', 'F'),
(6248031, 'Said', 'Hamza', 'F'),
(6270934, 'Zaki', 'Hadef', 'F'),
(6328401, 'Anissa', 'FALSE', 'M'),
(6345018, 'Leila', 'Medjani', 'M'),
(6359872, 'Djamila', 'Boumediene', 'F'),
(6370412, 'Salma', 'Boumedienne', 'M'),
(6480912, 'Hamid', 'Boughedir', 'M'),
(6582013, 'Abdesselam', 'Terki', 'F'),
(6701934, 'Yasmine', 'Boughedir', 'M'),
(6740923, 'Abderrahim', 'Boukhalfa', 'F'),
(6784501, 'Wassim', 'Terfaya', 'F'),
(6785031, 'Walid', 'FALSE', 'F'),
(6790832, 'Samira', 'Abdi', 'F'),
(6840312, 'Anissa', 'Slimani', 'M'),
(6874301, 'Salima', 'Bouziane', 'F'),
(6901274, 'Ahmed', 'Boukhari', 'F'),
(6902431, 'Hanane', 'Ait Said', 'F'),
(6921854, 'Malika', 'Guendouz', 'M'),
(6928341, 'Rania', 'Boulenouar', 'M'),
(6931748, 'Dalila', 'Boukhalfa', 'M'),
(6942381, 'Abdallah', 'Khalfallah', 'M'),
(6948012, 'Houda', 'Tassili', 'M'),
(6948203, 'Amina', 'Belkacem', 'F'),
(6948301, 'Hayat', 'Ziani', 'M'),
(6951832, 'Abdellah', 'Chibani', 'F'),
(7012548, 'Rym', 'Derriche', 'F'),
(7201634, 'Dina', 'Bessaoud', 'M'),
(7203984, 'Kenza', 'Ait Haddad', 'M'),
(7209348, 'Kenza', 'Khelifi', 'F'),
(7321984, 'Tarik', 'Bouderbala', 'M'),
(7403128, 'Yacine', 'Gueddouda', 'F'),
(7432158, 'Salma', 'Bennaoui', 'M'),
(7462318, 'Rachid', 'Ziani', 'F'),
(7589024, 'Mehdi', 'Hammoudi', 'M'),
(7590238, 'Chaima', 'Chibani', 'M'),
(7632451, 'Ahmed', 'Bouazza', 'M'),
(7650923, 'Anis', 'Boukhari', 'F'),
(7820134, 'Samir', 'Guendouz', 'F'),
(7850234, 'Yacine', 'Tafat', 'F'),
(7850342, 'Rania', 'Terki', 'M'),
(7890314, 'Amir', 'Boucetta', 'M'),
(7892430, 'Walid', 'Tassili', 'F'),
(7942031, 'Sana', 'FALSE', 'M'),
(8012543, 'Yassine', 'Ferroukhi', 'F'),
(8014723, 'Hakim', 'Boukaabous', 'F'),
(8031742, 'Naima', 'Slimane', 'F'),
(8032156, 'Amine', 'Mehennaoui', 'F'),
(8091734, 'Kaoutar', 'Mehennaoui', 'F'),
(8214903, 'Samir', 'Boughedir', 'F'),
(8234951, 'Abderrahmane', 'Hamel', 'F'),
(8274013, 'Reda', 'Ferroukhi', 'M'),
(8307462, 'Nabil', 'Guenifi', 'F'),
(8320761, 'Abdelmajid', 'Derkaoui', 'F'),
(8371420, 'Nassim', 'Bougrara', 'F'),
(8420579, 'Abdelkrim', 'Harbi', 'F'),
(8436051, 'Amina', 'Bouzar', 'M'),
(8540923, 'Nawal', 'Benkaci', 'M'),
(8650742, 'Younes', 'Bougrara', 'F'),
(8657902, 'Mourad', 'Ait Amar', 'M'),
(8702193, 'Abdelkader', 'Benchikh', 'F'),
(8703912, 'Rafik', 'FALSE', 'F'),
(8723416, 'Sabrina', 'Kadri', 'F'),
(8750432, 'Rym', 'Meradji', 'M'),
(8762104, 'Mouna', 'FALSE', 'M'),
(8764302, 'Hocine', 'Benali', 'M'),
(8901245, 'Laila', 'Bouzid', 'F'),
(8901257, 'Youcef', 'Gueddouda', 'F'),
(8903472, 'Aicha', 'FALSE', 'F'),
(9023145, 'Fatima', 'Benali', 'F'),
(9023841, 'Zineb', 'Kadi', 'F'),
(9038172, 'Amar', 'FALSE', 'F'),
(9038741, 'Abdel', 'Bougara', 'F'),
(9203841, 'Bilal', 'Hamdi', 'M'),
(9283451, 'Tarek', 'Belhadj', 'F'),
(9320841, 'Nassim', 'Terki', 'F'),
(9352408, 'Leila', 'Khelifi', 'M'),
(9374812, 'Mohand', 'Tassili', 'F'),
(9587203, 'Nordine', 'Ait Hamouda', 'M'),
(9624703, 'Salima', 'Hammoudi', 'M'),
(9678134, 'Faiza', 'Khalfallah', 'F'),
(9740831, 'Mourad', 'Khelifi', 'M'),
(9765023, 'Chakib', 'Meziani', 'F'),
(9810342, 'Meriem', 'Boudechiche', 'M'),
(9813452, 'Kenza', 'Hamel', 'M'),
(10234567, 'Jamal', 'Hachicha', 'F'),
(10234568, 'Farid', 'Ben Brahim', 'M'),
(10234569, 'Khalid', 'Ben Hamouda', 'M'),
(10234570, 'Sameera', 'Jeridi', 'M'),
(10234571, 'Yusuf', 'Ben Abid', 'M'),
(10234572, 'Kareem', 'Ben Slama', 'M'),
(10234573, 'Farid', 'Ben Salah', 'M'),
(10234574, 'Khalid', 'Ben Saidi', 'M'),
(10234575, 'Sameera', 'Ben Saida', 'M'),
(10234576, 'Yusuf', 'Ben Amor', 'M'),
(10234577, 'Kareem', 'Ben Saidi', 'M'),
(10234578, 'Farid', 'Ben Saida', 'M'),
(10234579, 'Fatima', 'Bouazizi', 'F'),
(10234580, 'Amina', 'Ben Slimane', 'F'),
(10234581, 'Aaliyah', 'Ben Abdallah', 'F'),
(10234582, 'Zayd', 'Ben Othman', 'F'),
(10234583, 'Tarek', 'Ben Aliya', 'F'),
(10234584, 'Fatima', 'Ben Farhat', 'F'),
(10234585, 'Amina', 'Ben Moussa', 'F'),
(10234586, 'Aaliyah', 'Ben Alaya', 'F'),
(10234587, 'Zayd', 'Ben Jaafar', 'F'),
(10234588, 'Tarek', 'Ben Guirat', 'F'),
(10234589, 'Fatima', 'Ben Chibani', 'F'),
(10234590, 'Amina', 'Ben Jaafar', 'F'),
(10234591, 'Aaliyah', 'Ben Guirat', 'F'),
(10234592, 'Zayd', 'Ben Chibani', 'F'),
(10234593, 'Tarek', 'Ben Amor', 'F'),
(12345678, 'Ahmed', 'Ben Ali', 'M'),
(12345679, 'Rania', 'Ben Cheikh', 'F'),
(21345678, 'Malik', 'Ben Youssef', 'M'),
(21345679, 'Noor', 'Khiari', 'F'),
(21345680, 'Layth', 'Ben Salah', 'F'),
(21345681, 'Hadi', 'Ben Ayed', 'F'),
(21345682, 'Nour', 'Ben Nasr', 'F'),
(21345683, 'Rania', 'Ben Saidane', 'F'),
(21345684, 'Amira', 'Ben Fadhloun', 'F'),
(21345685, 'Layth', 'Ben Hmida', 'F'),
(21345686, 'Hadi', 'Ben Touati', 'F'),
(21345687, 'Amin', 'Ali', 'F'),
(21345688, 'Rania', 'Ben Hmida', 'F'),
(21345689, 'Amira', 'Ben Touati', 'F'),
(21345690, 'Omar', 'Ghannouchi', 'M'),
(21345691, 'Amir', 'Mabrouk', 'M'),
(21345692, 'Raheel', 'Chakroun', 'M'),
(21345693, 'Safa', 'Ben Miled', 'M'),
(21345694, 'Salma', 'Ben Choug', 'M'),
(21345695, 'Omar', 'Ben Guirat', 'M'),
(21345696, 'Amir', 'Ben Hmidi', 'M'),
(21345697, 'Raheel', 'Ben Miled', 'M'),
(21345698, 'Safa', 'Ben Ghozzi', 'M'),
(21345699, 'Salma', 'Ben Cheikh', 'M'),
(21345700, 'Omar', 'Ben Jemai', 'M'),
(21345701, 'Amir', 'Ben Ghozzi', 'M'),
(21345702, 'Raheel', 'Ben Cheikh', 'M'),
(21345703, 'Safa', 'Ben Jemai', 'M'),
(21345704, 'Salma', 'Gharbi', 'M'),
(23456780, 'Samir', 'Hajji', 'M'),
(23456789, 'Fatima', 'Bouazizi', 'F'),
(32456780, 'Kareema', 'Ben Mansour', 'M'),
(32456789, 'Amina', 'Ben Slimane', 'F'),
(32456791, 'Nadia', 'Ben Lamine', 'M'),
(32456792, 'Ahmed', 'Ben Ameur', 'M'),
(32456793, 'Malik', 'Ben Mansour', 'M'),
(32456794, 'Samir', 'Ben Jemai', 'M'),
(32456795, 'Kareema', 'Ben El Abed', 'M'),
(32456796, 'Nadia', 'Ben Alaya', 'M'),
(32456797, 'Dalia', 'Jaballah', 'M'),
(32456798, 'Malik', 'Ben Fadhloun', 'M'),
(32456799, 'Samir', 'Ben Alaya', 'M'),
(32456800, 'Kareema', 'Ben Nejma', 'M'),
(32456801, 'Aisha', 'Trabelsi', 'F'),
(32456802, 'Leila', 'Hachicha', 'F'),
(32456803, 'Ayesha', 'Ghazouani', 'F'),
(32456804, 'Zainab', 'Khiari', 'F'),
(32456805, 'Imran', 'Kechrid', 'F'),
(32456806, 'Aisha', 'Ben Rejeb', 'F'),
(32456807, 'Leila', 'Ben Salem', 'F'),
(32456808, 'Ayesha', 'Ben Khalifa', 'F'),
(32456809, 'Zainab', 'Ben Saida', 'F'),
(32456810, 'Imran', 'Ben Amor', 'F'),
(32456811, 'Aisha', 'Ben Saidi', 'F'),
(32456812, 'Leila', 'Ben Saida', 'F'),
(32456813, 'Ayesha', 'Ben Amor', 'F'),
(32456814, 'Zainab', 'Ben Saidi', 'F'),
(32456815, 'Imran', 'Haddad', 'F'),
(34567890, 'Omar', 'Ghannouchi', 'M'),
(34567891, 'Aaliyah', 'Ben Abdallah', 'F'),
(43567803, 'Tarek', 'Ben Aliya', 'F'),
(43567804, 'Fatima', 'Ben Farhat', 'F'),
(43567805, 'Amina', 'Ben Moussa', 'F'),
(43567806, 'Aaliyah', 'Ben Alaya', 'F'),
(43567807, 'Zayd', 'Ben Jaafar', 'F'),
(43567808, 'Tarek', 'Ben Guirat', 'F'),
(43567809, 'Fatima', 'Ben Chibani', 'F'),
(43567810, 'Amina', 'Ben Jaafar', 'F'),
(43567811, 'Aaliyah', 'Ben Guirat', 'F'),
(43567812, 'Zayd', 'Ben Chibani', 'F'),
(43567813, 'Ali', 'Cherif', 'M'),
(43567814, 'Bilal', 'Ben Salah', 'M'),
(43567815, 'Idris', 'Gabsi', 'M'),
(43567816, 'Hamza', 'Ben Romdhane', 'M'),
(43567817, 'Lina', 'Ben Mabrouk', 'M'),
(43567818, 'Ali', 'Ben Rayana', 'M'),
(43567819, 'Bilal', 'Ben Hamza', 'M'),
(43567820, 'Idris', 'Ben Ammar', 'M'),
(43567821, 'Hamza', 'Ben Touati', 'M'),
(43567822, 'Lina', 'Ben Rached', 'M'),
(43567823, 'Ali', 'Ben Hmida', 'M'),
(43567824, 'Bilal', 'Ben Touati', 'M'),
(43567825, 'Idris', 'Ben Rached', 'M'),
(43567826, 'Hamza', 'Ben Ali', 'M'),
(43567827, 'Lina', 'Ben Youssef', 'M'),
(43567890, 'Amir', 'Mabrouk', 'M'),
(43567892, 'Zayd', 'Ben Othman', 'F'),
(45678901, 'Aisha', 'Trabelsi', 'F'),
(45678902, 'Raheel', 'Chakroun', 'M'),
(54678901, 'Leila', 'Hachicha', 'F'),
(54678903, 'Safa', 'Ben Miled', 'M'),
(54678914, 'Salma', 'Ben Choug', 'M'),
(54678915, 'Omar', 'Ben Guirat', 'M'),
(54678916, 'Amir', 'Ben Hmidi', 'M'),
(54678917, 'Raheel', 'Ben Miled', 'M'),
(54678918, 'Safa', 'Ben Ghozzi', 'M'),
(54678919, 'Salma', 'Ben Cheikh', 'M'),
(54678920, 'Noura', 'Dhaou', 'M'),
(54678921, 'Amir', 'Ben Ghozzi', 'M'),
(54678922, 'Asma', 'Mabrouk', 'M'),
(54678923, 'Safa', 'Ben Jemai', 'M'),
(54678924, 'Layla', 'Sassi', 'F'),
(54678925, 'Hana', 'Nasri', 'F'),
(54678926, 'Samira', 'Ben Hassen', 'F'),
(54678927, 'Yasmin', 'Ben Jemaa', 'F'),
(54678928, 'Khaled', 'Ben Hmida', 'F'),
(54678929, 'Layla', 'Khaldi', 'F'),
(54678930, 'Hana', 'Ben Aissa', 'F'),
(54678931, 'Samira', 'Ben Fradj', 'F'),
(54678932, 'Yasmin', 'Ben Nejma', 'F'),
(54678933, 'Khaled', 'Ben Fadhloun', 'F'),
(54678934, 'Layla', 'Ben Alaya', 'F'),
(54678935, 'Hana', 'Ben Nejma', 'F'),
(54678936, 'Samira', 'Ben Fadhloun', 'F'),
(54678937, 'Yasmin', 'Bouazizi', 'F'),
(54678938, 'Khaled', 'Ben Slimane', 'F'),
(56789012, 'Ali', 'Cherif', 'M'),
(56789013, 'Ayesha', 'Ghazouani', 'F'),
(65789012, 'Bilal', 'Ben Salah', 'M'),
(65789014, 'Zainab', 'Khiari', 'F'),
(65789025, 'Zayd', 'Ben Kacem', 'F'),
(65789026, 'Aisha', 'Ben Rejeb', 'F'),
(65789027, 'Leila', 'Ben Salem', 'F'),
(65789028, 'Ayesha', 'Ben Khalifa', 'F'),
(65789029, 'Zainab', 'Ben Saida', 'F'),
(65789030, 'Aida', 'Khaled', 'F'),
(65789031, 'Aisha', 'Ben Saidi', 'F'),
(65789032, 'Leila', 'Ben Saida', 'F'),
(65789033, 'Ayesha', 'Ben Amor', 'F'),
(65789034, 'Zainab', 'Ben Saidi', 'F'),
(65789035, 'Hassan', 'Khemiri', 'M'),
(65789036, 'Tariq', 'Mejri', 'M'),
(65789037, 'Nizar', 'Rekik', 'M'),
(65789038, 'Talal', 'Ben Arfa', 'M'),
(65789039, 'Abeer', 'Ben Dhia', 'M'),
(65789040, 'Hassan', 'Ben Fadhel', 'M'),
(65789041, 'Tariq', 'Ben Hmida', 'M'),
(65789042, 'Nizar', 'Ben Jeddou', 'M'),
(65789043, 'Talal', 'Ben Chibani', 'M'),
(65789044, 'Abeer', 'Ben Jaafar', 'M'),
(65789045, 'Hassan', 'Ben Guirat', 'M'),
(65789046, 'Tariq', 'Ben Chibani', 'M'),
(65789047, 'Nizar', 'Ben Jaafar', 'M'),
(65789048, 'Talal', 'Ghannouchi', 'M'),
(65789049, 'Abeer', 'Mabrouk', 'M'),
(67890123, 'Layla', 'Sassi', 'F'),
(67890124, 'Amir', 'Ben Brahim', 'M'),
(76890123, 'Hana', 'Nasri', 'F'),
(76890125, 'Hamza', 'Ben Romdhane', 'M'),
(76890136, 'Lina', 'Ben Mabrouk', 'M'),
(76890137, 'Ali', 'Ben Rayana', 'M'),
(76890138, 'Rami', 'Othmane', 'M'),
(76890139, 'Rami', 'FALSE', 'M'),
(76890140, 'Hamza', 'Ben Touati', 'M'),
(76890141, 'Lina', 'Ben Rached', 'M'),
(76890142, 'Ali', 'Ben Hmida', 'M'),
(76890143, 'Bilal', 'Ben Touati', 'M'),
(76890144, 'Idris', 'Ben Rached', 'M'),
(76890145, 'Hamza', 'Ben Ali', 'M'),
(76890146, 'Zahra', 'Ben Amor', 'F'),
(76890147, 'Noor', 'Ben Mahmoud', 'F'),
(76890148, 'Sana', 'Khelifi', 'F'),
(76890149, 'Shireen', 'Boujemaa', 'F'),
(76890150, 'Jamal', 'Ben Kacem', 'F'),
(76890151, 'Zahra', 'Ben Boubaker', 'F'),
(76890152, 'Noor', 'Ben Cheikhrouhou', 'F'),
(76890153, 'Sana', 'Ben Chebbi', 'F'),
(76890154, 'Shireen', 'Ben Jemai', 'F'),
(76890155, 'Jamal', 'Ben Ghozzi', 'F'),
(76890156, 'Zahra', 'Ben Cheikh', 'F'),
(76890157, 'Noor', 'Ben Jemai', 'F'),
(76890158, 'Sana', 'Ben Ghozzi', 'F'),
(76890159, 'Shireen', 'Trabelsi', 'F'),
(76890160, 'Jamal', 'Hachicha', 'F'),
(78901234, 'Hassan', 'Khemiri', 'M'),
(78901235, 'Samira', 'Ben Hassen', 'F'),
(87901234, 'Tariq', 'Mejri', 'M'),
(87901236, 'Yasmin', 'Ben Jemaa', 'F'),
(87901247, 'Khaled', 'Ben Hmida', 'F'),
(87901248, 'Imran', 'Ben Nasr', 'F'),
(87901249, 'Hana', 'Ben Aissa', 'F'),
(87901250, 'Samira', 'Ben Fradj', 'F'),
(87901251, 'Yasmin', 'Ben Nejma', 'F'),
(87901252, 'Khaled', 'Ben Fadhloun', 'F'),
(87901253, 'Layla', 'Ben Alaya', 'F'),
(87901254, 'Hana', 'Ben Nejma', 'F'),
(87901255, 'Samira', 'Ben Fadhloun', 'F'),
(87901256, 'Yasmin', 'Bouazizi', 'F'),
(87901257, 'Yusuf', 'Gharbi', 'M'),
(87901258, 'Kareem', 'Jemai', 'M'),
(87901259, 'Farid', 'Ben Brahim', 'M'),
(87901260, 'Khalid', 'Ben Hamouda', 'M'),
(87901261, 'Sameera', 'Jeridi', 'M'),
(87901262, 'Yusuf', 'Ben Abid', 'M'),
(87901263, 'Kareem', 'Ben Slama', 'M'),
(87901264, 'Farid', 'Ben Salah', 'M'),
(87901265, 'Khalid', 'Ben Saidi', 'M'),
(87901266, 'Sameera', 'Ben Saida', 'M'),
(87901267, 'Yusuf', 'Ben Amor', 'M'),
(87901268, 'Kareem', 'Ben Saidi', 'M'),
(87901269, 'Farid', 'Ben Saida', 'M'),
(87901270, 'Khalid', 'Cherif', 'M'),
(87901271, 'Sameera', 'Ben Salah', 'M'),
(89012345, 'Zahra', 'Ben Amor', 'F'),
(89012346, 'Noor', 'Ben Mahmoud', 'F'),
(89012347, 'Bilal', 'Ben Mansour', 'M'),
(89012348, 'Talal', 'Ben Arfa', 'M'),
(89012349, 'Abeer', 'Ben Dhia', 'M'),
(89012350, 'Hassan', 'Ben Fadhel', 'M'),
(89012351, 'Tariq', 'Ben Hmida', 'M'),
(89012352, 'Nizar', 'Ben Jeddou', 'M'),
(89012353, 'Lubna', 'Khelil', 'M'),
(89012354, 'Abeer', 'Ben Jaafar', 'M'),
(89012355, 'Hassan', 'Ben Guirat', 'M'),
(89012356, 'Tariq', 'Ben Chibani', 'M'),
(89012357, 'Nizar', 'Ben Jaafar', 'M'),
(89012358, 'Talal', 'Ghannouchi', 'M'),
(89012359, 'Nour', 'Haddad', 'F'),
(89012360, 'Rania', 'Ben Cheikh', 'F'),
(89012361, 'Amira', 'Dridi', 'F'),
(89012362, 'Layth', 'Ben Salah', 'F'),
(89012363, 'Hadi', 'Ben Ayed', 'F'),
(89012364, 'Nour', 'Ben Nasr', 'F'),
(89012365, 'Rania', 'Ben Saidane', 'F'),
(89012366, 'Amira', 'Ben Fadhloun', 'F'),
(89012367, 'Layth', 'Ben Hmida', 'F'),
(89012368, 'Hadi', 'Ben Touati', 'F'),
(89012369, 'Nour', 'Ben Rached', 'F'),
(89012370, 'Rania', 'Ben Hmida', 'F'),
(89012371, 'Amira', 'Ben Touati', 'F'),
(89012372, 'Layth', 'Sassi', 'F'),
(89012373, 'Hadi', 'Nasri', 'F'),
(90123456, 'Yusuf', 'Gharbi', 'M'),
(90123457, 'Kareem', 'Jemai', 'M'),
(90123458, 'Sana', 'Khelifi', 'F'),
(90123459, 'Samira', 'Ben Aliya', 'F'),
(90123460, 'Jamal', 'Ben Kacem', 'F'),
(90123461, 'Zahra', 'Ben Boubaker', 'F'),
(90123462, 'Noor', 'Ben Cheikhrouhou', 'F'),
(90123463, 'Sana', 'Ben Chebbi', 'F'),
(90123464, 'Shireen', 'Ben Jemai', 'F'),
(90123465, 'Jamal', 'Ben Ghozzi', 'F'),
(90123466, 'Jamila', 'Amiri', 'F'),
(90123467, 'Noor', 'Ben Jemai', 'F'),
(90123468, 'Sana', 'Ben Ghozzi', 'F'),
(90123469, 'Malak', 'Ameur', 'F'),
(90123470, 'Ahmed', 'Ben Ali', 'M'),
(90123471, 'Malik', 'Ben Youssef', 'M'),
(90123472, 'Samir', 'Hajji', 'M'),
(90123473, 'Kareema', 'Ben Mansour', 'M'),
(90123474, 'Nadia', 'Ben Lamine', 'M'),
(90123475, 'Ahmed', 'Ben Ameur', 'M'),
(90123476, 'Malik', 'Ben Mansour', 'M'),
(90123477, 'Samir', 'Ben Jemai', 'M'),
(90123478, 'Kareema', 'Ben El Abed', 'M'),
(90123479, 'Nadia', 'Ben Alaya', 'M'),
(90123480, 'Ahmed', 'Ben Nejma', 'M'),
(90123481, 'Malik', 'Ben Fadhloun', 'M'),
(90123482, 'Samir', 'Ben Alaya', 'M'),
(90123483, 'Kareema', 'Ben Nejma', 'M'),
(90123484, 'Nadia', 'Khemiri', 'M'),
(90123485, 'Ahmed', 'Mejri', 'M'),
(100000000, 'Amin', 'Hachicha', 'M'),
(111000999, 'Dorsaf', 'Ammar', 'M'),
(111100000, 'Sami', 'Belhadj', 'F'),
(111122222, 'Yassin', 'Ben Thabet', 'M'),
(111122334, 'Ayesha', 'Ben Amor', 'M'),
(111222333, 'Walid', 'Ben Jemaa', 'M'),
(112233445, 'Nour', 'Slimani', 'F'),
(123456789, 'Youssef', 'Ben Ali', 'M'),
(123987456, 'Rim', 'Belhadj', 'F'),
(211111111, 'Shireen', 'Ben Mustapha', 'F'),
(222211111, 'Amira', 'Zayani', 'M'),
(222233333, 'Aisha', 'Khemiri', 'F'),
(222233445, 'Amir', 'Ben Brahim', 'F'),
(223344556, 'Aymen', 'Mabrouk', 'M'),
(234567890, 'Amira', 'Bouazizi', 'F'),
(321456789, 'Aida', 'Karray', 'F'),
(321654987, 'Yassine', 'Jaouadi', 'M'),
(321987654, 'Oussama', 'Dhaouadi', 'M'),
(322222222, 'Jamil', 'Driss', 'M'),
(333222111, 'Amel', 'Khemiri', 'M'),
(333322222, 'Omar', 'Ben Hassen', 'F'),
(333344444, 'Karim', 'Mejdoub', 'M'),
(333344556, 'Sana', 'Bouazza', 'M'),
(333444555, 'Zied', 'Ben Hassen', 'M'),
(334455667, 'Amal', 'Ben Youssef', 'F'),
(345678901, 'Ahmed', 'Khaldi', 'M'),
(433333333, 'Amani', 'Ben Othman', 'F'),
(444433333, 'Noor', 'Ben Mahmoud', 'M'),
(444455555, 'Salma', 'Ben Khelifa', 'F'),
(444455667, 'Kareem', 'Najar', 'F'),
(445566778, 'Fares', 'Ghedira', 'M'),
(456789012, 'Amina', 'Hamrouni', 'F'),
(456789321, 'Wissem', 'Chebbi', 'M'),
(544444444, 'Ilyas', 'Mansouri', 'M'),
(555444333, 'Yacine', 'Rekik', 'F'),
(555544444, 'Raheel', 'Laaribi', 'F'),
(555566666, 'Hatem', 'Ben Abdallah', 'M'),
(555566778, 'Hana', 'Feki', 'M'),
(555666777, 'Hamza', 'Miled', 'M'),
(556677889, 'Salma', 'Cherif', 'F'),
(567890123, 'Mehdi', 'Gharbi', 'M'),
(654123789, 'Raouf', 'Laaribi', 'F'),
(654321987, 'Sonia', 'Gara', 'M'),
(654789321, 'Myriam', 'El Abed', 'F'),
(655555555, 'Farida', 'Jeridi', 'F'),
(666564874, 'Wajdi', 'Ben Jbeli', 'F'),
(666655555, 'Safa', 'Ben Slimane', 'M'),
(666677777, 'Laila', 'Ben Rejeb', 'F'),
(666677889, 'Malik', 'Saied', 'F'),
(666777888, 'Ines', 'Ben Mahmoud', 'F'),
(667788990, 'Anis', 'Gabsi', 'M'),
(678901234, 'Fatma', 'Jlassi', 'F'),
(766666666, 'Zakariya', 'Ben Saad', 'M'),
(777666555, 'Hiba', 'Gouia', 'M'),
(777766666, 'Kareema', 'Trabelsi', 'F'),
(777788888, 'Zaki', 'Ben Hamouda', 'M'),
(777788990, 'Rania', 'Ben Romdhane', 'M'),
(777888999, 'Riadh', 'Chaabane', 'M'),
(778899001, 'Rania', 'Ben Salah', 'F'),
(789012345, 'Mohamed', 'Jelassi', 'M'),
(789654123, 'Sana', 'Kacem', 'F'),
(877777777, 'Zainab', 'Khmiri', 'F'),
(888877777, 'Zahid', 'Bouzid', 'M'),
(888899001, 'Bilal', 'Ghribi', 'F'),
(888899999, 'Rim', 'Ben Moussa', 'F'),
(888999000, 'Chaima', 'Sfar', 'F'),
(889900112, 'Karim', 'Haddad', 'M'),
(890123456, 'Houda', 'Chakroun', 'F'),
(900011111, 'Hamza', 'Ben Ayed', 'M'),
(901234567, 'Marwen', 'Nasri', 'M'),
(987321654, 'Sabrine', 'Ben Romdhane', 'F'),
(987456321, 'Slim', 'Mejri', 'M'),
(987654321, 'Sofiene', 'Marzouki', 'M'),
(988888888, 'Khaled', 'Ben Halima', 'M'),
(990011223, 'Nesrine', 'Karray', 'F'),
(999000111, 'Mounir', 'Fekih', 'M'),
(999888777, 'Wael', 'Trabelsi', 'F'),
(999900112, 'Farida', 'Ben Miled', 'M'),
(999988888, 'Layla', 'Cherif', 'F');

--
-- Indexes for dumped tables
--

--
-- Indexes for table `branch_dim`
--
ALTER TABLE `branch_dim`
  ADD PRIMARY KEY (`bac_id`);

--
-- Indexes for table `date_dim`
--
ALTER TABLE `date_dim`
  ADD PRIMARY KEY (`date_id`);

--
-- Indexes for table `fact_table_student_performance`
--
ALTER TABLE `fact_table_student_performance`
  ADD PRIMARY KEY (`id`),
  ADD KEY `student_id` (`student_id`),
  ADD KEY `spec_id` (`spec_id`),
  ADD KEY `bac_id` (`bac_id`),
  ADD KEY `level_id` (`level_id`),
  ADD KEY `state_id` (`state_id`),
  ADD KEY `date_id` (`date_id`);

--
-- Indexes for table `level_dim`
--
ALTER TABLE `level_dim`
  ADD PRIMARY KEY (`level_id`);

--
-- Indexes for table `specialization_dim`
--
ALTER TABLE `specialization_dim`
  ADD PRIMARY KEY (`spec_id`);

--
-- Indexes for table `state_dim`
--
ALTER TABLE `state_dim`
  ADD PRIMARY KEY (`state_id`);

--
-- Indexes for table `students_dim`
--
ALTER TABLE `students_dim`
  ADD PRIMARY KEY (`id`);

--
-- Constraints for dumped tables
--

--
-- Constraints for table `fact_table_student_performance`
--
ALTER TABLE `fact_table_student_performance`
  ADD CONSTRAINT `fact_table_student_performance_ibfk_1` FOREIGN KEY (`student_id`) REFERENCES `students_dim` (`id`),
  ADD CONSTRAINT `fact_table_student_performance_ibfk_2` FOREIGN KEY (`spec_id`) REFERENCES `specialization_dim` (`spec_id`),
  ADD CONSTRAINT `fact_table_student_performance_ibfk_3` FOREIGN KEY (`bac_id`) REFERENCES `branch_dim` (`bac_id`),
  ADD CONSTRAINT `fact_table_student_performance_ibfk_4` FOREIGN KEY (`level_id`) REFERENCES `level_dim` (`level_id`),
  ADD CONSTRAINT `fact_table_student_performance_ibfk_5` FOREIGN KEY (`state_id`) REFERENCES `state_dim` (`state_id`),
  ADD CONSTRAINT `fact_table_student_performance_ibfk_6` FOREIGN KEY (`date_id`) REFERENCES `date_dim` (`date_id`);
COMMIT;

/*!40101 SET CHARACTER_SET_CLIENT=@OLD_CHARACTER_SET_CLIENT */;
/*!40101 SET CHARACTER_SET_RESULTS=@OLD_CHARACTER_SET_RESULTS */;
/*!40101 SET COLLATION_CONNECTION=@OLD_COLLATION_CONNECTION */;
